"tensor(9.5242, grad_fn=<AddBackward0>)"
"tensor(9.4975, grad_fn=<AddBackward0>)"
"tensor(9.4620, grad_fn=<AddBackward0>)"
"tensor(9.3906, grad_fn=<AddBackward0>)"
"tensor(9.3611, grad_fn=<AddBackward0>)"
"tensor(9.2587, grad_fn=<AddBackward0>)"
"tensor(9.1169, grad_fn=<AddBackward0>)"
"tensor(9.1331, grad_fn=<AddBackward0>)"
"tensor(8.9875, grad_fn=<AddBackward0>)"
"tensor(8.8162, grad_fn=<AddBackward0>)"
"tensor(8.7408, grad_fn=<AddBackward0>)"
"tensor(8.6050, grad_fn=<AddBackward0>)"
"tensor(8.4884, grad_fn=<AddBackward0>)"
"tensor(8.7702, grad_fn=<AddBackward0>)"
"tensor(8.2021, grad_fn=<AddBackward0>)"
"tensor(8.7959, grad_fn=<AddBackward0>)"
"tensor(8.4443, grad_fn=<AddBackward0>)"
"tensor(8.4967, grad_fn=<AddBackward0>)"
"tensor(8.5541, grad_fn=<AddBackward0>)"
"tensor(8.0509, grad_fn=<AddBackward0>)"
"tensor(8.0139, grad_fn=<AddBackward0>)"
"tensor(8.2139, grad_fn=<AddBackward0>)"
"tensor(8.3301, grad_fn=<AddBackward0>)"
"tensor(8.2571, grad_fn=<AddBackward0>)"
"tensor(8.1401, grad_fn=<AddBackward0>)"
"tensor(8.0592, grad_fn=<AddBackward0>)"
"tensor(8.2416, grad_fn=<AddBackward0>)"
"tensor(8.2160, grad_fn=<AddBackward0>)"
"tensor(8.3863, grad_fn=<AddBackward0>)"
"tensor(8.4638, grad_fn=<AddBackward0>)"
"tensor(8.1294, grad_fn=<AddBackward0>)"
"tensor(7.9230, grad_fn=<AddBackward0>)"
"tensor(7.7809, grad_fn=<AddBackward0>)"
"tensor(7.8386, grad_fn=<AddBackward0>)"
"tensor(8.0675, grad_fn=<AddBackward0>)"
"tensor(8.0947, grad_fn=<AddBackward0>)"
"tensor(7.8923, grad_fn=<AddBackward0>)"
"tensor(7.6056, grad_fn=<AddBackward0>)"
"tensor(7.9288, grad_fn=<AddBackward0>)"
"tensor(7.6293, grad_fn=<AddBackward0>)"
"tensor(7.5546, grad_fn=<AddBackward0>)"
"tensor(7.8088, grad_fn=<AddBackward0>)"
"tensor(7.3206, grad_fn=<AddBackward0>)"
"tensor(7.6545, grad_fn=<AddBackward0>)"
"tensor(7.8942, grad_fn=<AddBackward0>)"
"tensor(8.1206, grad_fn=<AddBackward0>)"
"tensor(7.8691, grad_fn=<AddBackward0>)"
"tensor(8.8881, grad_fn=<AddBackward0>)"
"tensor(7.9909, grad_fn=<AddBackward0>)"
"tensor(8.1251, grad_fn=<AddBackward0>)"
"tensor(7.8880, grad_fn=<AddBackward0>)"
"tensor(8.3139, grad_fn=<AddBackward0>)"
"tensor(8.0812, grad_fn=<AddBackward0>)"
"tensor(7.8077, grad_fn=<AddBackward0>)"
"tensor(7.9212, grad_fn=<AddBackward0>)"
"tensor(7.7654, grad_fn=<AddBackward0>)"
"tensor(7.5232, grad_fn=<AddBackward0>)"
"tensor(7.3045, grad_fn=<AddBackward0>)"
"tensor(7.7355, grad_fn=<AddBackward0>)"
"tensor(7.6447, grad_fn=<AddBackward0>)"
"tensor(9.5779, grad_fn=<AddBackward0>)"
"tensor(9.4864, grad_fn=<AddBackward0>)"
"tensor(9.5004, grad_fn=<AddBackward0>)"
"tensor(9.4468, grad_fn=<AddBackward0>)"
"tensor(9.3379, grad_fn=<AddBackward0>)"
"tensor(9.1929, grad_fn=<AddBackward0>)"
"tensor(9.0761, grad_fn=<AddBackward0>)"
"tensor(9.0519, grad_fn=<AddBackward0>)"
"tensor(8.8037, grad_fn=<AddBackward0>)"
"tensor(8.5846, grad_fn=<AddBackward0>)"
"tensor(8.6602, grad_fn=<AddBackward0>)"
"tensor(8.6370, grad_fn=<AddBackward0>)"
"tensor(8.2888, grad_fn=<AddBackward0>)"
"tensor(8.1731, grad_fn=<AddBackward0>)"
"tensor(8.0281, grad_fn=<AddBackward0>)"
"tensor(8.3111, grad_fn=<AddBackward0>)"
"tensor(8.0021, grad_fn=<AddBackward0>)"
"tensor(8.2371, grad_fn=<AddBackward0>)"
"tensor(8.5100, grad_fn=<AddBackward0>)"
"tensor(7.9994, grad_fn=<AddBackward0>)"
"tensor(7.9973, grad_fn=<AddBackward0>)"
"tensor(7.9371, grad_fn=<AddBackward0>)"
"tensor(7.7547, grad_fn=<AddBackward0>)"
"tensor(7.8459, grad_fn=<AddBackward0>)"
"tensor(7.7193, grad_fn=<AddBackward0>)"
"tensor(7.7274, grad_fn=<AddBackward0>)"
"tensor(7.5581, grad_fn=<AddBackward0>)"
"tensor(6.9939, grad_fn=<AddBackward0>)"
"tensor(7.2088, grad_fn=<AddBackward0>)"
"tensor(7.7099, grad_fn=<AddBackward0>)"
"tensor(7.9548, grad_fn=<AddBackward0>)"
"tensor(7.4985, grad_fn=<AddBackward0>)"
"tensor(7.6205, grad_fn=<AddBackward0>)"
"tensor(7.4701, grad_fn=<AddBackward0>)"
"tensor(7.1389, grad_fn=<AddBackward0>)"
"tensor(7.3066, grad_fn=<AddBackward0>)"
"tensor(7.7348, grad_fn=<AddBackward0>)"
"tensor(8.1145, grad_fn=<AddBackward0>)"
"tensor(7.5541, grad_fn=<AddBackward0>)"
"tensor(7.4611, grad_fn=<AddBackward0>)"
"tensor(7.5553, grad_fn=<AddBackward0>)"
"tensor(8.1414, grad_fn=<AddBackward0>)"
"tensor(7.7618, grad_fn=<AddBackward0>)"
"tensor(7.6392, grad_fn=<AddBackward0>)"
"tensor(8.0124, grad_fn=<AddBackward0>)"
"tensor(7.5643, grad_fn=<AddBackward0>)"
"tensor(7.5507, grad_fn=<AddBackward0>)"
"tensor(7.6034, grad_fn=<AddBackward0>)"
"tensor(7.4476, grad_fn=<AddBackward0>)"
"tensor(7.3271, grad_fn=<AddBackward0>)"
"tensor(7.1003, grad_fn=<AddBackward0>)"
"tensor(7.5686, grad_fn=<AddBackward0>)"
"tensor(7.0974, grad_fn=<AddBackward0>)"
"tensor(7.4132, grad_fn=<AddBackward0>)"
"tensor(7.5830, grad_fn=<AddBackward0>)"
"tensor(7.3687, grad_fn=<AddBackward0>)"
"tensor(7.6833, grad_fn=<AddBackward0>)"
"tensor(7.3442, grad_fn=<AddBackward0>)"
"tensor(7.3820, grad_fn=<AddBackward0>)"
"tensor(7.4711, grad_fn=<AddBackward0>)"
"tensor(7.5803, grad_fn=<AddBackward0>)"
"tensor(7.4149, grad_fn=<AddBackward0>)"
"tensor(7.2968, grad_fn=<AddBackward0>)"
"tensor(7.5699, grad_fn=<AddBackward0>)"
"tensor(7.3287, grad_fn=<AddBackward0>)"
"tensor(7.4672, grad_fn=<AddBackward0>)"
"tensor(6.9515, grad_fn=<AddBackward0>)"
"tensor(6.9075, grad_fn=<AddBackward0>)"
"tensor(7.2408, grad_fn=<AddBackward0>)"
"tensor(6.6588, grad_fn=<AddBackward0>)"
"tensor(7.4447, grad_fn=<AddBackward0>)"
"tensor(7.1663, grad_fn=<AddBackward0>)"
"tensor(7.0530, grad_fn=<AddBackward0>)"
"tensor(6.7224, grad_fn=<AddBackward0>)"
"tensor(7.6417, grad_fn=<AddBackward0>)"
"tensor(7.0216, grad_fn=<AddBackward0>)"
"tensor(7.1301, grad_fn=<AddBackward0>)"
"tensor(6.5067, grad_fn=<AddBackward0>)"
"tensor(6.9677, grad_fn=<AddBackward0>)"
"tensor(6.9451, grad_fn=<AddBackward0>)"
"tensor(6.7525, grad_fn=<AddBackward0>)"
"tensor(6.5803, grad_fn=<AddBackward0>)"
"tensor(6.6114, grad_fn=<AddBackward0>)"
"tensor(6.2174, grad_fn=<AddBackward0>)"
"tensor(6.5466, grad_fn=<AddBackward0>)"
"tensor(6.5224, grad_fn=<AddBackward0>)"
"tensor(6.1059, grad_fn=<AddBackward0>)"
"tensor(5.9684, grad_fn=<AddBackward0>)"
"tensor(6.4612, grad_fn=<AddBackward0>)"
"tensor(6.2991, grad_fn=<AddBackward0>)"
"tensor(5.8754, grad_fn=<AddBackward0>)"
"tensor(7.5658, grad_fn=<AddBackward0>)"
"tensor(6.6192, grad_fn=<AddBackward0>)"
"tensor(6.1307, grad_fn=<AddBackward0>)"
"tensor(6.5046, grad_fn=<AddBackward0>)"
"tensor(6.2618, grad_fn=<AddBackward0>)"
"tensor(6.0823, grad_fn=<AddBackward0>)"
"tensor(6.6182, grad_fn=<AddBackward0>)"
"tensor(5.9190, grad_fn=<AddBackward0>)"
"tensor(5.4640, grad_fn=<AddBackward0>)"
"tensor(5.4536, grad_fn=<AddBackward0>)"
"tensor(5.4759, grad_fn=<AddBackward0>)"
"tensor(6.1133, grad_fn=<AddBackward0>)"
"tensor(5.9455, grad_fn=<AddBackward0>)"
"tensor(5.6863, grad_fn=<AddBackward0>)"
"tensor(5.6122, grad_fn=<AddBackward0>)"
"tensor(5.7979, grad_fn=<AddBackward0>)"
"tensor(6.3225, grad_fn=<AddBackward0>)"
"tensor(5.6562, grad_fn=<AddBackward0>)"
"tensor(5.3831, grad_fn=<AddBackward0>)"
"tensor(5.8722, grad_fn=<AddBackward0>)"
"tensor(5.0296, grad_fn=<AddBackward0>)"
"tensor(5.5624, grad_fn=<AddBackward0>)"
"tensor(5.3734, grad_fn=<AddBackward0>)"
"tensor(5.3332, grad_fn=<AddBackward0>)"
"tensor(5.6077, grad_fn=<AddBackward0>)"
"tensor(5.5787, grad_fn=<AddBackward0>)"
"tensor(5.1058, grad_fn=<AddBackward0>)"
"tensor(5.6189, grad_fn=<AddBackward0>)"
"tensor(5.8277, grad_fn=<AddBackward0>)"
"tensor(5.2760, grad_fn=<AddBackward0>)"
"tensor(4.9278, grad_fn=<AddBackward0>)"
"tensor(5.3170, grad_fn=<AddBackward0>)"
"tensor(4.9166, grad_fn=<AddBackward0>)"
"tensor(5.5388, grad_fn=<AddBackward0>)"
"tensor(5.6943, grad_fn=<AddBackward0>)"
"tensor(4.7818, grad_fn=<AddBackward0>)"
"tensor(5.3331, grad_fn=<AddBackward0>)"
"tensor(5.2585, grad_fn=<AddBackward0>)"
"tensor(5.4735, grad_fn=<AddBackward0>)"
"tensor(4.9978, grad_fn=<AddBackward0>)"
"tensor(5.6080, grad_fn=<AddBackward0>)"
"tensor(5.4420, grad_fn=<AddBackward0>)"
"tensor(4.7509, grad_fn=<AddBackward0>)"
"tensor(4.8032, grad_fn=<AddBackward0>)"
"tensor(4.8099, grad_fn=<AddBackward0>)"
"tensor(4.1816, grad_fn=<AddBackward0>)"
"tensor(5.1820, grad_fn=<AddBackward0>)"
"tensor(5.3001, grad_fn=<AddBackward0>)"
"tensor(4.6574, grad_fn=<AddBackward0>)"
"tensor(5.0195, grad_fn=<AddBackward0>)"
"tensor(4.6676, grad_fn=<AddBackward0>)"
"tensor(4.9440, grad_fn=<AddBackward0>)"
"tensor(4.8923, grad_fn=<AddBackward0>)"
"tensor(5.3311, grad_fn=<AddBackward0>)"
"tensor(4.9770, grad_fn=<AddBackward0>)"
"tensor(4.7269, grad_fn=<AddBackward0>)"
"tensor(5.6225, grad_fn=<AddBackward0>)"
"tensor(4.8244, grad_fn=<AddBackward0>)"
"tensor(4.7000, grad_fn=<AddBackward0>)"
"tensor(5.0699, grad_fn=<AddBackward0>)"
"tensor(4.3113, grad_fn=<AddBackward0>)"
"tensor(5.0265, grad_fn=<AddBackward0>)"
"tensor(4.9492, grad_fn=<AddBackward0>)"
"tensor(5.0060, grad_fn=<AddBackward0>)"
"tensor(5.6134, grad_fn=<AddBackward0>)"
"tensor(4.6588, grad_fn=<AddBackward0>)"
"tensor(4.7508, grad_fn=<AddBackward0>)"
"tensor(4.8371, grad_fn=<AddBackward0>)"
"tensor(4.3684, grad_fn=<AddBackward0>)"
"tensor(4.2521, grad_fn=<AddBackward0>)"
"tensor(5.1502, grad_fn=<AddBackward0>)"
"tensor(4.6347, grad_fn=<AddBackward0>)"
"tensor(5.2189, grad_fn=<AddBackward0>)"
"tensor(4.4818, grad_fn=<AddBackward0>)"
"tensor(4.0679, grad_fn=<AddBackward0>)"
"tensor(4.7660, grad_fn=<AddBackward0>)"
"tensor(4.1498, grad_fn=<AddBackward0>)"
"tensor(4.9438, grad_fn=<AddBackward0>)"
"tensor(4.3179, grad_fn=<AddBackward0>)"
"tensor(5.2956, grad_fn=<AddBackward0>)"
"tensor(4.3044, grad_fn=<AddBackward0>)"
"tensor(4.3541, grad_fn=<AddBackward0>)"
"tensor(5.2028, grad_fn=<AddBackward0>)"
"tensor(4.4928, grad_fn=<AddBackward0>)"
"tensor(4.7862, grad_fn=<AddBackward0>)"
"tensor(5.0058, grad_fn=<AddBackward0>)"
"tensor(5.1658, grad_fn=<AddBackward0>)"
"tensor(4.9589, grad_fn=<AddBackward0>)"
"tensor(4.4452, grad_fn=<AddBackward0>)"
"tensor(5.0434, grad_fn=<AddBackward0>)"
"tensor(4.1402, grad_fn=<AddBackward0>)"
"tensor(5.0583, grad_fn=<AddBackward0>)"
"tensor(4.4977, grad_fn=<AddBackward0>)"
"tensor(4.7449, grad_fn=<AddBackward0>)"
"tensor(4.3698, grad_fn=<AddBackward0>)"
"tensor(4.4511, grad_fn=<AddBackward0>)"
"tensor(4.5248, grad_fn=<AddBackward0>)"
"tensor(5.6428, grad_fn=<AddBackward0>)"
"tensor(5.2823, grad_fn=<AddBackward0>)"
"tensor(4.9041, grad_fn=<AddBackward0>)"
"tensor(4.7027, grad_fn=<AddBackward0>)"
"tensor(4.8036, grad_fn=<AddBackward0>)"
"tensor(5.0870, grad_fn=<AddBackward0>)"
"tensor(4.5656, grad_fn=<AddBackward0>)"
"tensor(4.0458, grad_fn=<AddBackward0>)"
"tensor(4.2916, grad_fn=<AddBackward0>)"
"tensor(4.3251, grad_fn=<AddBackward0>)"
"tensor(4.0542, grad_fn=<AddBackward0>)"
"tensor(5.2005, grad_fn=<AddBackward0>)"
"tensor(4.9207, grad_fn=<AddBackward0>)"
"tensor(4.3114, grad_fn=<AddBackward0>)"
"tensor(5.3225, grad_fn=<AddBackward0>)"
"tensor(4.4109, grad_fn=<AddBackward0>)"
"tensor(4.3911, grad_fn=<AddBackward0>)"
"tensor(4.8754, grad_fn=<AddBackward0>)"
"tensor(4.6751, grad_fn=<AddBackward0>)"
"tensor(5.0064, grad_fn=<AddBackward0>)"
"tensor(4.7515, grad_fn=<AddBackward0>)"
"tensor(4.1125, grad_fn=<AddBackward0>)"
"tensor(3.9439, grad_fn=<AddBackward0>)"
"tensor(4.3243, grad_fn=<AddBackward0>)"
"tensor(4.0220, grad_fn=<AddBackward0>)"
"tensor(4.0321, grad_fn=<AddBackward0>)"
"tensor(4.2628, grad_fn=<AddBackward0>)"
"tensor(4.5047, grad_fn=<AddBackward0>)"
"tensor(4.5671, grad_fn=<AddBackward0>)"
"tensor(4.4018, grad_fn=<AddBackward0>)"
"tensor(5.2421, grad_fn=<AddBackward0>)"
"tensor(4.2163, grad_fn=<AddBackward0>)"
"tensor(4.7892, grad_fn=<AddBackward0>)"
"tensor(4.2061, grad_fn=<AddBackward0>)"
"tensor(5.3708, grad_fn=<AddBackward0>)"
"tensor(4.3637, grad_fn=<AddBackward0>)"
"tensor(4.3162, grad_fn=<AddBackward0>)"
"tensor(4.4967, grad_fn=<AddBackward0>)"
"tensor(4.8189, grad_fn=<AddBackward0>)"
"tensor(4.3815, grad_fn=<AddBackward0>)"
"tensor(4.6961, grad_fn=<AddBackward0>)"
"tensor(5.0425, grad_fn=<AddBackward0>)"
"tensor(4.5621, grad_fn=<AddBackward0>)"
"tensor(4.6408, grad_fn=<AddBackward0>)"
"tensor(4.9474, grad_fn=<AddBackward0>)"
"tensor(3.9766, grad_fn=<AddBackward0>)"
"tensor(4.2674, grad_fn=<AddBackward0>)"
"tensor(4.7503, grad_fn=<AddBackward0>)"
"tensor(4.5656, grad_fn=<AddBackward0>)"
"tensor(4.8198, grad_fn=<AddBackward0>)"
"tensor(4.1128, grad_fn=<AddBackward0>)"
"tensor(4.1011, grad_fn=<AddBackward0>)"
"tensor(4.2868, grad_fn=<AddBackward0>)"
"tensor(4.2186, grad_fn=<AddBackward0>)"
"tensor(4.2148, grad_fn=<AddBackward0>)"
"tensor(4.7531, grad_fn=<AddBackward0>)"
"tensor(4.4057, grad_fn=<AddBackward0>)"
"tensor(4.3531, grad_fn=<AddBackward0>)"
"tensor(3.9999, grad_fn=<AddBackward0>)"
"tensor(3.9563, grad_fn=<AddBackward0>)"
"tensor(4.8566, grad_fn=<AddBackward0>)"
"tensor(4.3792, grad_fn=<AddBackward0>)"
"tensor(5.4331, grad_fn=<AddBackward0>)"
"tensor(5.6798, grad_fn=<AddBackward0>)"
"tensor(4.8772, grad_fn=<AddBackward0>)"
"tensor(4.8476, grad_fn=<AddBackward0>)"
"tensor(4.8159, grad_fn=<AddBackward0>)"
"tensor(4.5904, grad_fn=<AddBackward0>)"
"tensor(4.0917, grad_fn=<AddBackward0>)"
"tensor(3.8735, grad_fn=<AddBackward0>)"
"tensor(4.6275, grad_fn=<AddBackward0>)"
"tensor(4.3646, grad_fn=<AddBackward0>)"
"tensor(3.8103, grad_fn=<AddBackward0>)"
"tensor(3.6619, grad_fn=<AddBackward0>)"
"tensor(3.9603, grad_fn=<AddBackward0>)"
"tensor(5.0198, grad_fn=<AddBackward0>)"
"tensor(4.3246, grad_fn=<AddBackward0>)"
"tensor(4.2765, grad_fn=<AddBackward0>)"
"tensor(4.2054, grad_fn=<AddBackward0>)"
"tensor(4.3190, grad_fn=<AddBackward0>)"
"tensor(4.0358, grad_fn=<AddBackward0>)"
"tensor(4.3754, grad_fn=<AddBackward0>)"
"tensor(4.5680, grad_fn=<AddBackward0>)"
"tensor(3.7624, grad_fn=<AddBackward0>)"
"tensor(4.1241, grad_fn=<AddBackward0>)"
"tensor(4.3823, grad_fn=<AddBackward0>)"
"tensor(4.0544, grad_fn=<AddBackward0>)"
"tensor(3.9881, grad_fn=<AddBackward0>)"
"tensor(4.2576, grad_fn=<AddBackward0>)"
"tensor(3.6529, grad_fn=<AddBackward0>)"
"tensor(3.7928, grad_fn=<AddBackward0>)"
"tensor(3.6697, grad_fn=<AddBackward0>)"
"tensor(4.2701, grad_fn=<AddBackward0>)"
"tensor(3.6841, grad_fn=<AddBackward0>)"
"tensor(4.2617, grad_fn=<AddBackward0>)"
"tensor(5.1663, grad_fn=<AddBackward0>)"
"tensor(3.9748, grad_fn=<AddBackward0>)"
"tensor(4.3056, grad_fn=<AddBackward0>)"
"tensor(4.4127, grad_fn=<AddBackward0>)"
"tensor(4.1485, grad_fn=<AddBackward0>)"
"tensor(4.2757, grad_fn=<AddBackward0>)"
"tensor(3.7992, grad_fn=<AddBackward0>)"
"tensor(4.0884, grad_fn=<AddBackward0>)"
"tensor(3.5258, grad_fn=<AddBackward0>)"
"tensor(4.7271, grad_fn=<AddBackward0>)"
"tensor(4.4699, grad_fn=<AddBackward0>)"
"tensor(3.6658, grad_fn=<AddBackward0>)"
"tensor(4.3296, grad_fn=<AddBackward0>)"
"tensor(4.0556, grad_fn=<AddBackward0>)"
"tensor(4.0017, grad_fn=<AddBackward0>)"
"tensor(3.5567, grad_fn=<AddBackward0>)"
"tensor(4.1505, grad_fn=<AddBackward0>)"
"tensor(4.0536, grad_fn=<AddBackward0>)"
"tensor(4.6907, grad_fn=<AddBackward0>)"
"tensor(4.1190, grad_fn=<AddBackward0>)"
"tensor(4.2326, grad_fn=<AddBackward0>)"
"tensor(4.0149, grad_fn=<AddBackward0>)"
"tensor(3.3265, grad_fn=<AddBackward0>)"
"tensor(4.3541, grad_fn=<AddBackward0>)"
"tensor(4.2422, grad_fn=<AddBackward0>)"
"tensor(3.6344, grad_fn=<AddBackward0>)"
"tensor(3.6860, grad_fn=<AddBackward0>)"
"tensor(3.9709, grad_fn=<AddBackward0>)"
"tensor(3.9713, grad_fn=<AddBackward0>)"
"tensor(4.0416, grad_fn=<AddBackward0>)"
"tensor(4.1274, grad_fn=<AddBackward0>)"
"tensor(4.0373, grad_fn=<AddBackward0>)"
"tensor(3.8746, grad_fn=<AddBackward0>)"
"tensor(3.9623, grad_fn=<AddBackward0>)"
"tensor(4.3955, grad_fn=<AddBackward0>)"
"tensor(3.6766, grad_fn=<AddBackward0>)"
"tensor(3.8689, grad_fn=<AddBackward0>)"
"tensor(4.1187, grad_fn=<AddBackward0>)"
"tensor(4.1352, grad_fn=<AddBackward0>)"
"tensor(3.9689, grad_fn=<AddBackward0>)"
"tensor(4.3980, grad_fn=<AddBackward0>)"
"tensor(3.8345, grad_fn=<AddBackward0>)"
"tensor(4.1711, grad_fn=<AddBackward0>)"
"tensor(3.7010, grad_fn=<AddBackward0>)"
"tensor(3.6577, grad_fn=<AddBackward0>)"
"tensor(3.5853, grad_fn=<AddBackward0>)"
"tensor(3.7480, grad_fn=<AddBackward0>)"
"tensor(3.6718, grad_fn=<AddBackward0>)"
"tensor(3.4950, grad_fn=<AddBackward0>)"
"tensor(3.7192, grad_fn=<AddBackward0>)"
"tensor(4.1330, grad_fn=<AddBackward0>)"
"tensor(4.0557, grad_fn=<AddBackward0>)"
"tensor(3.7370, grad_fn=<AddBackward0>)"
"tensor(3.7944, grad_fn=<AddBackward0>)"
"tensor(3.9685, grad_fn=<AddBackward0>)"
"tensor(4.1780, grad_fn=<AddBackward0>)"
"tensor(3.4951, grad_fn=<AddBackward0>)"
"tensor(4.0580, grad_fn=<AddBackward0>)"
"tensor(3.9189, grad_fn=<AddBackward0>)"
"tensor(3.9541, grad_fn=<AddBackward0>)"
"tensor(4.2648, grad_fn=<AddBackward0>)"
"tensor(4.1904, grad_fn=<AddBackward0>)"
"tensor(3.9468, grad_fn=<AddBackward0>)"
"tensor(4.2984, grad_fn=<AddBackward0>)"
"tensor(4.1011, grad_fn=<AddBackward0>)"
"tensor(3.7392, grad_fn=<AddBackward0>)"
"tensor(4.0202, grad_fn=<AddBackward0>)"
"tensor(3.8792, grad_fn=<AddBackward0>)"
"tensor(4.0351, grad_fn=<AddBackward0>)"
"tensor(4.3780, grad_fn=<AddBackward0>)"
"tensor(3.5402, grad_fn=<AddBackward0>)"
"tensor(3.9533, grad_fn=<AddBackward0>)"
"tensor(4.1437, grad_fn=<AddBackward0>)"
"tensor(3.3076, grad_fn=<AddBackward0>)"
"tensor(3.7165, grad_fn=<AddBackward0>)"
"tensor(4.2094, grad_fn=<AddBackward0>)"
"tensor(3.4804, grad_fn=<AddBackward0>)"
"tensor(4.2208, grad_fn=<AddBackward0>)"
"tensor(3.4352, grad_fn=<AddBackward0>)"
"tensor(3.9704, grad_fn=<AddBackward0>)"
"tensor(3.9361, grad_fn=<AddBackward0>)"
"tensor(3.9937, grad_fn=<AddBackward0>)"
"tensor(4.1092, grad_fn=<AddBackward0>)"
"tensor(3.5260, grad_fn=<AddBackward0>)"
"tensor(3.7926, grad_fn=<AddBackward0>)"
"tensor(3.6413, grad_fn=<AddBackward0>)"
"tensor(4.0219, grad_fn=<AddBackward0>)"
"tensor(4.2442, grad_fn=<AddBackward0>)"
"tensor(3.9116, grad_fn=<AddBackward0>)"
"tensor(3.3549, grad_fn=<AddBackward0>)"
"tensor(3.5417, grad_fn=<AddBackward0>)"
"tensor(3.5036, grad_fn=<AddBackward0>)"
"tensor(4.0189, grad_fn=<AddBackward0>)"
"tensor(3.6294, grad_fn=<AddBackward0>)"
"tensor(3.9259, grad_fn=<AddBackward0>)"
"tensor(3.7889, grad_fn=<AddBackward0>)"
"tensor(4.1054, grad_fn=<AddBackward0>)"
"tensor(3.6622, grad_fn=<AddBackward0>)"
"tensor(3.6360, grad_fn=<AddBackward0>)"
"tensor(3.4115, grad_fn=<AddBackward0>)"
"tensor(3.6508, grad_fn=<AddBackward0>)"
"tensor(3.8991, grad_fn=<AddBackward0>)"
"tensor(3.4992, grad_fn=<AddBackward0>)"
"tensor(3.8465, grad_fn=<AddBackward0>)"
"tensor(3.4775, grad_fn=<AddBackward0>)"
"tensor(4.8273, grad_fn=<AddBackward0>)"
"tensor(3.8638, grad_fn=<AddBackward0>)"
"tensor(4.2921, grad_fn=<AddBackward0>)"
"tensor(4.1808, grad_fn=<AddBackward0>)"
"tensor(3.4449, grad_fn=<AddBackward0>)"
"tensor(3.5318, grad_fn=<AddBackward0>)"
"tensor(3.7587, grad_fn=<AddBackward0>)"
"tensor(4.0158, grad_fn=<AddBackward0>)"
"tensor(3.6432, grad_fn=<AddBackward0>)"
"tensor(3.6503, grad_fn=<AddBackward0>)"
"tensor(3.9502, grad_fn=<AddBackward0>)"
"tensor(3.8932, grad_fn=<AddBackward0>)"
"tensor(4.1284, grad_fn=<AddBackward0>)"
"tensor(4.2341, grad_fn=<AddBackward0>)"
"tensor(3.7249, grad_fn=<AddBackward0>)"
"tensor(4.3954, grad_fn=<AddBackward0>)"
"tensor(3.5923, grad_fn=<AddBackward0>)"
"tensor(4.0674, grad_fn=<AddBackward0>)"
"tensor(3.8982, grad_fn=<AddBackward0>)"
"tensor(4.0417, grad_fn=<AddBackward0>)"
"tensor(4.3250, grad_fn=<AddBackward0>)"
"tensor(3.9839, grad_fn=<AddBackward0>)"
"tensor(3.7451, grad_fn=<AddBackward0>)"
"tensor(4.0777, grad_fn=<AddBackward0>)"
"tensor(3.8839, grad_fn=<AddBackward0>)"
"tensor(3.8308, grad_fn=<AddBackward0>)"
"tensor(4.0481, grad_fn=<AddBackward0>)"
"tensor(3.8968, grad_fn=<AddBackward0>)"
"tensor(3.9238, grad_fn=<AddBackward0>)"
"tensor(3.5101, grad_fn=<AddBackward0>)"
"tensor(3.6947, grad_fn=<AddBackward0>)"
"tensor(3.9345, grad_fn=<AddBackward0>)"
"tensor(3.4041, grad_fn=<AddBackward0>)"
"tensor(4.1521, grad_fn=<AddBackward0>)"
"tensor(4.4797, grad_fn=<AddBackward0>)"
"tensor(3.3037, grad_fn=<AddBackward0>)"
"tensor(4.1019, grad_fn=<AddBackward0>)"
"tensor(4.3498, grad_fn=<AddBackward0>)"
"tensor(3.9090, grad_fn=<AddBackward0>)"
"tensor(3.5764, grad_fn=<AddBackward0>)"
"tensor(3.8114, grad_fn=<AddBackward0>)"
"tensor(3.9515, grad_fn=<AddBackward0>)"
"tensor(3.5040, grad_fn=<AddBackward0>)"
"tensor(4.2036, grad_fn=<AddBackward0>)"
"tensor(3.6535, grad_fn=<AddBackward0>)"
"tensor(3.4014, grad_fn=<AddBackward0>)"
"tensor(3.7381, grad_fn=<AddBackward0>)"
"tensor(3.9082, grad_fn=<AddBackward0>)"
"tensor(3.2642, grad_fn=<AddBackward0>)"
"tensor(4.0091, grad_fn=<AddBackward0>)"
"tensor(3.8828, grad_fn=<AddBackward0>)"
"tensor(3.5438, grad_fn=<AddBackward0>)"
"tensor(3.6385, grad_fn=<AddBackward0>)"
"tensor(3.8232, grad_fn=<AddBackward0>)"
"tensor(4.0666, grad_fn=<AddBackward0>)"
"tensor(3.7486, grad_fn=<AddBackward0>)"
"tensor(4.2948, grad_fn=<AddBackward0>)"
"tensor(3.8264, grad_fn=<AddBackward0>)"
"tensor(3.8781, grad_fn=<AddBackward0>)"
"tensor(4.1823, grad_fn=<AddBackward0>)"
"tensor(3.8746, grad_fn=<AddBackward0>)"
"tensor(3.3943, grad_fn=<AddBackward0>)"
"tensor(3.6412, grad_fn=<AddBackward0>)"
"tensor(3.5538, grad_fn=<AddBackward0>)"
"tensor(4.0935, grad_fn=<AddBackward0>)"
"tensor(3.8632, grad_fn=<AddBackward0>)"
"tensor(3.5937, grad_fn=<AddBackward0>)"
"tensor(3.8991, grad_fn=<AddBackward0>)"
"tensor(3.0374, grad_fn=<AddBackward0>)"
"tensor(4.1047, grad_fn=<AddBackward0>)"
"tensor(3.7739, grad_fn=<AddBackward0>)"
"tensor(3.2895, grad_fn=<AddBackward0>)"
"tensor(3.4028, grad_fn=<AddBackward0>)"
"tensor(4.2736, grad_fn=<AddBackward0>)"
"tensor(3.4262, grad_fn=<AddBackward0>)"
"tensor(3.4436, grad_fn=<AddBackward0>)"
"tensor(3.9413, grad_fn=<AddBackward0>)"
"tensor(3.7978, grad_fn=<AddBackward0>)"
"tensor(4.1205, grad_fn=<AddBackward0>)"
"tensor(3.3817, grad_fn=<AddBackward0>)"
"tensor(3.7898, grad_fn=<AddBackward0>)"
"tensor(3.6122, grad_fn=<AddBackward0>)"
"tensor(3.3568, grad_fn=<AddBackward0>)"
"tensor(3.7198, grad_fn=<AddBackward0>)"
"tensor(3.8203, grad_fn=<AddBackward0>)"
"tensor(3.7254, grad_fn=<AddBackward0>)"
"tensor(3.8834, grad_fn=<AddBackward0>)"
"tensor(4.2850, grad_fn=<AddBackward0>)"
"tensor(3.7644, grad_fn=<AddBackward0>)"
"tensor(3.9211, grad_fn=<AddBackward0>)"
"tensor(3.5803, grad_fn=<AddBackward0>)"
"tensor(3.6343, grad_fn=<AddBackward0>)"
"tensor(3.3070, grad_fn=<AddBackward0>)"
"tensor(3.7198, grad_fn=<AddBackward0>)"
"tensor(3.7846, grad_fn=<AddBackward0>)"
"tensor(3.9336, grad_fn=<AddBackward0>)"
"tensor(3.6536, grad_fn=<AddBackward0>)"
"tensor(4.1591, grad_fn=<AddBackward0>)"
"tensor(3.9427, grad_fn=<AddBackward0>)"
"tensor(4.0853, grad_fn=<AddBackward0>)"
"tensor(3.9837, grad_fn=<AddBackward0>)"
"tensor(3.2218, grad_fn=<AddBackward0>)"
"tensor(4.5320, grad_fn=<AddBackward0>)"
"tensor(4.0247, grad_fn=<AddBackward0>)"
"tensor(3.5712, grad_fn=<AddBackward0>)"
"tensor(3.7921, grad_fn=<AddBackward0>)"
"tensor(3.3210, grad_fn=<AddBackward0>)"
"tensor(3.7581, grad_fn=<AddBackward0>)"
"tensor(3.9288, grad_fn=<AddBackward0>)"
"tensor(3.3811, grad_fn=<AddBackward0>)"
"tensor(4.1061, grad_fn=<AddBackward0>)"
"tensor(3.5361, grad_fn=<AddBackward0>)"
"tensor(3.7195, grad_fn=<AddBackward0>)"
"tensor(3.0337, grad_fn=<AddBackward0>)"
"tensor(4.2077, grad_fn=<AddBackward0>)"
"tensor(3.2010, grad_fn=<AddBackward0>)"
"tensor(3.7153, grad_fn=<AddBackward0>)"
"tensor(3.2346, grad_fn=<AddBackward0>)"
"tensor(4.1617, grad_fn=<AddBackward0>)"
"tensor(3.2312, grad_fn=<AddBackward0>)"
"tensor(3.5875, grad_fn=<AddBackward0>)"
"tensor(3.5880, grad_fn=<AddBackward0>)"
"tensor(3.2613, grad_fn=<AddBackward0>)"
"tensor(3.7552, grad_fn=<AddBackward0>)"
"tensor(3.8367, grad_fn=<AddBackward0>)"
"tensor(3.3259, grad_fn=<AddBackward0>)"
"tensor(3.7395, grad_fn=<AddBackward0>)"
"tensor(4.3024, grad_fn=<AddBackward0>)"
"tensor(3.3087, grad_fn=<AddBackward0>)"
"tensor(3.2253, grad_fn=<AddBackward0>)"
"tensor(3.4191, grad_fn=<AddBackward0>)"
"tensor(4.1370, grad_fn=<AddBackward0>)"
"tensor(3.2008, grad_fn=<AddBackward0>)"
"tensor(4.0648, grad_fn=<AddBackward0>)"
"tensor(3.2888, grad_fn=<AddBackward0>)"
"tensor(3.5500, grad_fn=<AddBackward0>)"
"tensor(3.5712, grad_fn=<AddBackward0>)"
"tensor(2.7202, grad_fn=<AddBackward0>)"
"tensor(3.3518, grad_fn=<AddBackward0>)"
"tensor(4.2204, grad_fn=<AddBackward0>)"
"tensor(3.4482, grad_fn=<AddBackward0>)"
"tensor(3.4622, grad_fn=<AddBackward0>)"
"tensor(3.3171, grad_fn=<AddBackward0>)"
"tensor(3.3474, grad_fn=<AddBackward0>)"
"tensor(3.3288, grad_fn=<AddBackward0>)"
"tensor(4.1880, grad_fn=<AddBackward0>)"
"tensor(3.3944, grad_fn=<AddBackward0>)"
"tensor(3.4800, grad_fn=<AddBackward0>)"
"tensor(3.5310, grad_fn=<AddBackward0>)"
"tensor(3.7271, grad_fn=<AddBackward0>)"
"tensor(3.5330, grad_fn=<AddBackward0>)"
"tensor(3.5228, grad_fn=<AddBackward0>)"
"tensor(3.4627, grad_fn=<AddBackward0>)"
"tensor(3.1565, grad_fn=<AddBackward0>)"
"tensor(3.8401, grad_fn=<AddBackward0>)"
"tensor(3.9980, grad_fn=<AddBackward0>)"
"tensor(3.7533, grad_fn=<AddBackward0>)"
"tensor(3.4580, grad_fn=<AddBackward0>)"
"tensor(3.4192, grad_fn=<AddBackward0>)"
"tensor(3.3228, grad_fn=<AddBackward0>)"
"tensor(3.0014, grad_fn=<AddBackward0>)"
"tensor(3.7097, grad_fn=<AddBackward0>)"
"tensor(3.2515, grad_fn=<AddBackward0>)"
"tensor(3.2189, grad_fn=<AddBackward0>)"
"tensor(3.1894, grad_fn=<AddBackward0>)"
"tensor(3.4700, grad_fn=<AddBackward0>)"
"tensor(3.9457, grad_fn=<AddBackward0>)"
"tensor(3.5485, grad_fn=<AddBackward0>)"
"tensor(3.4903, grad_fn=<AddBackward0>)"
"tensor(3.3008, grad_fn=<AddBackward0>)"
"tensor(3.3083, grad_fn=<AddBackward0>)"
"tensor(4.0465, grad_fn=<AddBackward0>)"
"tensor(3.7424, grad_fn=<AddBackward0>)"
"tensor(3.5400, grad_fn=<AddBackward0>)"
"tensor(3.3316, grad_fn=<AddBackward0>)"
"tensor(3.8026, grad_fn=<AddBackward0>)"
"tensor(3.1842, grad_fn=<AddBackward0>)"
"tensor(3.0573, grad_fn=<AddBackward0>)"
"tensor(3.8235, grad_fn=<AddBackward0>)"
"tensor(3.7927, grad_fn=<AddBackward0>)"
"tensor(3.0850, grad_fn=<AddBackward0>)"
"tensor(3.4671, grad_fn=<AddBackward0>)"
"tensor(2.7801, grad_fn=<AddBackward0>)"
"tensor(3.1552, grad_fn=<AddBackward0>)"
"tensor(2.7421, grad_fn=<AddBackward0>)"
"tensor(3.2609, grad_fn=<AddBackward0>)"
"tensor(3.2993, grad_fn=<AddBackward0>)"
"tensor(3.2347, grad_fn=<AddBackward0>)"
"tensor(2.9655, grad_fn=<AddBackward0>)"
"tensor(3.4054, grad_fn=<AddBackward0>)"
"tensor(3.5244, grad_fn=<AddBackward0>)"
"tensor(2.8362, grad_fn=<AddBackward0>)"
"tensor(3.5449, grad_fn=<AddBackward0>)"
"tensor(4.3532, grad_fn=<AddBackward0>)"
"tensor(3.7947, grad_fn=<AddBackward0>)"
"tensor(3.7588, grad_fn=<AddBackward0>)"
"tensor(4.1177, grad_fn=<AddBackward0>)"
"tensor(4.2666, grad_fn=<AddBackward0>)"
"tensor(3.4353, grad_fn=<AddBackward0>)"
"tensor(2.9788, grad_fn=<AddBackward0>)"
"tensor(3.7747, grad_fn=<AddBackward0>)"
"tensor(3.2779, grad_fn=<AddBackward0>)"
"tensor(3.3356, grad_fn=<AddBackward0>)"
"tensor(3.3835, grad_fn=<AddBackward0>)"
"tensor(3.3653, grad_fn=<AddBackward0>)"
"tensor(3.7189, grad_fn=<AddBackward0>)"
"tensor(3.5375, grad_fn=<AddBackward0>)"
"tensor(3.1307, grad_fn=<AddBackward0>)"
"tensor(3.5766, grad_fn=<AddBackward0>)"
"tensor(3.1911, grad_fn=<AddBackward0>)"
"tensor(3.5611, grad_fn=<AddBackward0>)"
"tensor(3.6396, grad_fn=<AddBackward0>)"
"tensor(3.2218, grad_fn=<AddBackward0>)"
"tensor(2.8814, grad_fn=<AddBackward0>)"
"tensor(3.8535, grad_fn=<AddBackward0>)"
"tensor(3.4163, grad_fn=<AddBackward0>)"
"tensor(2.8730, grad_fn=<AddBackward0>)"
"tensor(3.5764, grad_fn=<AddBackward0>)"
"tensor(3.6868, grad_fn=<AddBackward0>)"
"tensor(3.5335, grad_fn=<AddBackward0>)"
"tensor(3.0093, grad_fn=<AddBackward0>)"
"tensor(3.9720, grad_fn=<AddBackward0>)"
"tensor(3.1518, grad_fn=<AddBackward0>)"
"tensor(2.8610, grad_fn=<AddBackward0>)"
"tensor(3.2568, grad_fn=<AddBackward0>)"
"tensor(3.4791, grad_fn=<AddBackward0>)"
"tensor(3.1444, grad_fn=<AddBackward0>)"
"tensor(2.8871, grad_fn=<AddBackward0>)"
"tensor(3.5458, grad_fn=<AddBackward0>)"
"tensor(3.1543, grad_fn=<AddBackward0>)"
"tensor(3.8272, grad_fn=<AddBackward0>)"
"tensor(2.8372, grad_fn=<AddBackward0>)"
"tensor(2.8866, grad_fn=<AddBackward0>)"
"tensor(3.4085, grad_fn=<AddBackward0>)"
"tensor(3.3101, grad_fn=<AddBackward0>)"
"tensor(3.5668, grad_fn=<AddBackward0>)"
"tensor(3.3679, grad_fn=<AddBackward0>)"
"tensor(3.6319, grad_fn=<AddBackward0>)"
"tensor(3.1431, grad_fn=<AddBackward0>)"
"tensor(3.3420, grad_fn=<AddBackward0>)"
"tensor(3.0400, grad_fn=<AddBackward0>)"
"tensor(3.3782, grad_fn=<AddBackward0>)"
"tensor(3.4215, grad_fn=<AddBackward0>)"
"tensor(3.4289, grad_fn=<AddBackward0>)"
"tensor(3.6491, grad_fn=<AddBackward0>)"
"tensor(3.4869, grad_fn=<AddBackward0>)"
"tensor(3.1242, grad_fn=<AddBackward0>)"
"tensor(3.3056, grad_fn=<AddBackward0>)"
"tensor(3.2385, grad_fn=<AddBackward0>)"
"tensor(3.6028, grad_fn=<AddBackward0>)"
"tensor(4.0632, grad_fn=<AddBackward0>)"
"tensor(3.2672, grad_fn=<AddBackward0>)"
"tensor(3.5591, grad_fn=<AddBackward0>)"
"tensor(3.3270, grad_fn=<AddBackward0>)"
"tensor(3.3645, grad_fn=<AddBackward0>)"
"tensor(3.4810, grad_fn=<AddBackward0>)"
"tensor(3.3103, grad_fn=<AddBackward0>)"
"tensor(3.3461, grad_fn=<AddBackward0>)"
"tensor(3.8070, grad_fn=<AddBackward0>)"
"tensor(3.2488, grad_fn=<AddBackward0>)"
"tensor(3.3097, grad_fn=<AddBackward0>)"
"tensor(3.2716, grad_fn=<AddBackward0>)"
"tensor(3.2586, grad_fn=<AddBackward0>)"
"tensor(3.1044, grad_fn=<AddBackward0>)"
"tensor(3.7996, grad_fn=<AddBackward0>)"
"tensor(3.8424, grad_fn=<AddBackward0>)"
"tensor(3.1350, grad_fn=<AddBackward0>)"
"tensor(3.7351, grad_fn=<AddBackward0>)"
"tensor(3.5288, grad_fn=<AddBackward0>)"
"tensor(3.3167, grad_fn=<AddBackward0>)"
"tensor(4.0266, grad_fn=<AddBackward0>)"
"tensor(3.6459, grad_fn=<AddBackward0>)"
"tensor(3.5089, grad_fn=<AddBackward0>)"
"tensor(3.6100, grad_fn=<AddBackward0>)"
"tensor(3.7297, grad_fn=<AddBackward0>)"
"tensor(3.0012, grad_fn=<AddBackward0>)"
"tensor(3.5391, grad_fn=<AddBackward0>)"
"tensor(3.4503, grad_fn=<AddBackward0>)"
"tensor(3.4873, grad_fn=<AddBackward0>)"
"tensor(3.1061, grad_fn=<AddBackward0>)"
"tensor(3.1602, grad_fn=<AddBackward0>)"
"tensor(3.1372, grad_fn=<AddBackward0>)"
"tensor(3.5755, grad_fn=<AddBackward0>)"
"tensor(3.0531, grad_fn=<AddBackward0>)"
"tensor(3.2348, grad_fn=<AddBackward0>)"
"tensor(3.1538, grad_fn=<AddBackward0>)"
"tensor(3.3951, grad_fn=<AddBackward0>)"
"tensor(3.8815, grad_fn=<AddBackward0>)"
"tensor(3.3451, grad_fn=<AddBackward0>)"
"tensor(3.0387, grad_fn=<AddBackward0>)"
"tensor(3.6574, grad_fn=<AddBackward0>)"
"tensor(3.7885, grad_fn=<AddBackward0>)"
"tensor(3.0780, grad_fn=<AddBackward0>)"
"tensor(3.7048, grad_fn=<AddBackward0>)"
"tensor(3.7318, grad_fn=<AddBackward0>)"
"tensor(3.6028, grad_fn=<AddBackward0>)"
"tensor(3.4940, grad_fn=<AddBackward0>)"
"tensor(3.3456, grad_fn=<AddBackward0>)"
"tensor(3.1483, grad_fn=<AddBackward0>)"
"tensor(3.4313, grad_fn=<AddBackward0>)"
"tensor(3.2823, grad_fn=<AddBackward0>)"
"tensor(3.1030, grad_fn=<AddBackward0>)"
"tensor(2.9811, grad_fn=<AddBackward0>)"
"tensor(3.9453, grad_fn=<AddBackward0>)"
"tensor(3.4379, grad_fn=<AddBackward0>)"
"tensor(4.0378, grad_fn=<AddBackward0>)"
"tensor(3.2559, grad_fn=<AddBackward0>)"
"tensor(3.2190, grad_fn=<AddBackward0>)"
"tensor(3.1684, grad_fn=<AddBackward0>)"
"tensor(3.0626, grad_fn=<AddBackward0>)"
"tensor(3.2119, grad_fn=<AddBackward0>)"
"tensor(3.5114, grad_fn=<AddBackward0>)"
"tensor(3.4276, grad_fn=<AddBackward0>)"
"tensor(3.7397, grad_fn=<AddBackward0>)"
"tensor(3.5973, grad_fn=<AddBackward0>)"
"tensor(3.2253, grad_fn=<AddBackward0>)"
"tensor(3.6126, grad_fn=<AddBackward0>)"
"tensor(3.0662, grad_fn=<AddBackward0>)"
"tensor(3.3010, grad_fn=<AddBackward0>)"
"tensor(3.1628, grad_fn=<AddBackward0>)"
"tensor(3.3621, grad_fn=<AddBackward0>)"
"tensor(3.8663, grad_fn=<AddBackward0>)"
"tensor(3.1349, grad_fn=<AddBackward0>)"
"tensor(3.0494, grad_fn=<AddBackward0>)"
"tensor(3.6362, grad_fn=<AddBackward0>)"
"tensor(3.3507, grad_fn=<AddBackward0>)"
"tensor(3.3375, grad_fn=<AddBackward0>)"
"tensor(2.9093, grad_fn=<AddBackward0>)"
"tensor(2.7040, grad_fn=<AddBackward0>)"
"tensor(3.5256, grad_fn=<AddBackward0>)"
"tensor(3.2287, grad_fn=<AddBackward0>)"
"tensor(3.7300, grad_fn=<AddBackward0>)"
"tensor(3.9335, grad_fn=<AddBackward0>)"
"tensor(3.0625, grad_fn=<AddBackward0>)"
"tensor(3.6877, grad_fn=<AddBackward0>)"
"tensor(2.9923, grad_fn=<AddBackward0>)"
"tensor(3.7580, grad_fn=<AddBackward0>)"
"tensor(3.2682, grad_fn=<AddBackward0>)"
"tensor(3.6437, grad_fn=<AddBackward0>)"
"tensor(3.1664, grad_fn=<AddBackward0>)"
"tensor(3.3466, grad_fn=<AddBackward0>)"
"tensor(3.0923, grad_fn=<AddBackward0>)"
"tensor(3.5234, grad_fn=<AddBackward0>)"
"tensor(3.5045, grad_fn=<AddBackward0>)"
"tensor(3.6574, grad_fn=<AddBackward0>)"
"tensor(2.7790, grad_fn=<AddBackward0>)"
"tensor(4.0892, grad_fn=<AddBackward0>)"
"tensor(2.8461, grad_fn=<AddBackward0>)"
"tensor(3.7878, grad_fn=<AddBackward0>)"
"tensor(3.5670, grad_fn=<AddBackward0>)"
"tensor(3.2146, grad_fn=<AddBackward0>)"
"tensor(3.4150, grad_fn=<AddBackward0>)"
"tensor(2.7147, grad_fn=<AddBackward0>)"
"tensor(2.9007, grad_fn=<AddBackward0>)"
"tensor(3.1068, grad_fn=<AddBackward0>)"
"tensor(3.6963, grad_fn=<AddBackward0>)"
"tensor(3.2240, grad_fn=<AddBackward0>)"
"tensor(3.7784, grad_fn=<AddBackward0>)"
"tensor(2.8259, grad_fn=<AddBackward0>)"
"tensor(3.1603, grad_fn=<AddBackward0>)"
"tensor(3.4587, grad_fn=<AddBackward0>)"
"tensor(3.0845, grad_fn=<AddBackward0>)"
"tensor(3.4265, grad_fn=<AddBackward0>)"
"tensor(3.4633, grad_fn=<AddBackward0>)"
"tensor(2.9660, grad_fn=<AddBackward0>)"
"tensor(3.3518, grad_fn=<AddBackward0>)"
"tensor(3.4602, grad_fn=<AddBackward0>)"
"tensor(3.6288, grad_fn=<AddBackward0>)"
"tensor(2.9566, grad_fn=<AddBackward0>)"
"tensor(2.8700, grad_fn=<AddBackward0>)"
"tensor(3.4531, grad_fn=<AddBackward0>)"
"tensor(3.5973, grad_fn=<AddBackward0>)"
"tensor(3.4293, grad_fn=<AddBackward0>)"
"tensor(3.3816, grad_fn=<AddBackward0>)"
"tensor(3.3292, grad_fn=<AddBackward0>)"
"tensor(2.8432, grad_fn=<AddBackward0>)"
"tensor(3.4019, grad_fn=<AddBackward0>)"
"tensor(3.4805, grad_fn=<AddBackward0>)"
"tensor(2.9923, grad_fn=<AddBackward0>)"
"tensor(3.7559, grad_fn=<AddBackward0>)"
"tensor(3.5118, grad_fn=<AddBackward0>)"
"tensor(3.4811, grad_fn=<AddBackward0>)"
"tensor(3.2551, grad_fn=<AddBackward0>)"
"tensor(2.9313, grad_fn=<AddBackward0>)"
"tensor(3.0805, grad_fn=<AddBackward0>)"
"tensor(3.1729, grad_fn=<AddBackward0>)"
"tensor(2.6482, grad_fn=<AddBackward0>)"
"tensor(2.9734, grad_fn=<AddBackward0>)"
"tensor(2.9558, grad_fn=<AddBackward0>)"
"tensor(3.3532, grad_fn=<AddBackward0>)"
"tensor(3.1436, grad_fn=<AddBackward0>)"
"tensor(3.1102, grad_fn=<AddBackward0>)"
"tensor(3.0813, grad_fn=<AddBackward0>)"
"tensor(3.5727, grad_fn=<AddBackward0>)"
"tensor(3.0831, grad_fn=<AddBackward0>)"
"tensor(3.3667, grad_fn=<AddBackward0>)"
"tensor(3.6342, grad_fn=<AddBackward0>)"
"tensor(3.3502, grad_fn=<AddBackward0>)"
"tensor(3.3212, grad_fn=<AddBackward0>)"
"tensor(3.6322, grad_fn=<AddBackward0>)"
"tensor(3.0317, grad_fn=<AddBackward0>)"
"tensor(3.6405, grad_fn=<AddBackward0>)"
"tensor(3.1759, grad_fn=<AddBackward0>)"
"tensor(2.8723, grad_fn=<AddBackward0>)"
"tensor(3.3382, grad_fn=<AddBackward0>)"
"tensor(2.7577, grad_fn=<AddBackward0>)"
"tensor(3.8066, grad_fn=<AddBackward0>)"
"tensor(3.2525, grad_fn=<AddBackward0>)"
"tensor(3.2219, grad_fn=<AddBackward0>)"
"tensor(3.0429, grad_fn=<AddBackward0>)"
"tensor(3.1611, grad_fn=<AddBackward0>)"
"tensor(3.4427, grad_fn=<AddBackward0>)"
"tensor(3.2960, grad_fn=<AddBackward0>)"
"tensor(3.4516, grad_fn=<AddBackward0>)"
"tensor(2.6616, grad_fn=<AddBackward0>)"
"tensor(3.2793, grad_fn=<AddBackward0>)"
"tensor(3.1020, grad_fn=<AddBackward0>)"
"tensor(3.2192, grad_fn=<AddBackward0>)"
"tensor(3.1147, grad_fn=<AddBackward0>)"
"tensor(3.1942, grad_fn=<AddBackward0>)"
"tensor(3.4315, grad_fn=<AddBackward0>)"
"tensor(3.1932, grad_fn=<AddBackward0>)"
"tensor(3.2507, grad_fn=<AddBackward0>)"
"tensor(2.9027, grad_fn=<AddBackward0>)"
"tensor(3.0520, grad_fn=<AddBackward0>)"
"tensor(2.9249, grad_fn=<AddBackward0>)"
"tensor(2.6655, grad_fn=<AddBackward0>)"
"tensor(3.3291, grad_fn=<AddBackward0>)"
"tensor(3.1829, grad_fn=<AddBackward0>)"
"tensor(2.6899, grad_fn=<AddBackward0>)"
"tensor(2.8293, grad_fn=<AddBackward0>)"
"tensor(2.9331, grad_fn=<AddBackward0>)"
"tensor(2.8936, grad_fn=<AddBackward0>)"
"tensor(3.0822, grad_fn=<AddBackward0>)"
"tensor(3.2567, grad_fn=<AddBackward0>)"
"tensor(3.3098, grad_fn=<AddBackward0>)"
"tensor(3.7486, grad_fn=<AddBackward0>)"
"tensor(3.2235, grad_fn=<AddBackward0>)"
"tensor(3.2105, grad_fn=<AddBackward0>)"
"tensor(3.9806, grad_fn=<AddBackward0>)"
"tensor(3.1759, grad_fn=<AddBackward0>)"
"tensor(3.1179, grad_fn=<AddBackward0>)"
"tensor(3.6533, grad_fn=<AddBackward0>)"
"tensor(2.7576, grad_fn=<AddBackward0>)"
"tensor(3.1633, grad_fn=<AddBackward0>)"
"tensor(3.1377, grad_fn=<AddBackward0>)"
"tensor(3.2666, grad_fn=<AddBackward0>)"
"tensor(3.4460, grad_fn=<AddBackward0>)"
"tensor(3.4389, grad_fn=<AddBackward0>)"
"tensor(2.7497, grad_fn=<AddBackward0>)"
"tensor(3.1198, grad_fn=<AddBackward0>)"
"tensor(2.7088, grad_fn=<AddBackward0>)"
"tensor(3.4596, grad_fn=<AddBackward0>)"
"tensor(3.1745, grad_fn=<AddBackward0>)"
"tensor(3.1507, grad_fn=<AddBackward0>)"
"tensor(3.2773, grad_fn=<AddBackward0>)"
"tensor(3.1868, grad_fn=<AddBackward0>)"
"tensor(3.3213, grad_fn=<AddBackward0>)"
"tensor(3.3200, grad_fn=<AddBackward0>)"
"tensor(2.9543, grad_fn=<AddBackward0>)"
"tensor(3.0921, grad_fn=<AddBackward0>)"
"tensor(3.3861, grad_fn=<AddBackward0>)"
"tensor(3.0036, grad_fn=<AddBackward0>)"
"tensor(3.3676, grad_fn=<AddBackward0>)"
"tensor(3.3249, grad_fn=<AddBackward0>)"
"tensor(3.2721, grad_fn=<AddBackward0>)"
"tensor(3.0877, grad_fn=<AddBackward0>)"
"tensor(3.7097, grad_fn=<AddBackward0>)"
"tensor(3.1845, grad_fn=<AddBackward0>)"
"tensor(3.0458, grad_fn=<AddBackward0>)"
"tensor(3.3060, grad_fn=<AddBackward0>)"
"tensor(2.8172, grad_fn=<AddBackward0>)"
"tensor(3.3519, grad_fn=<AddBackward0>)"
"tensor(2.6373, grad_fn=<AddBackward0>)"
"tensor(2.9946, grad_fn=<AddBackward0>)"
"tensor(3.4742, grad_fn=<AddBackward0>)"
"tensor(3.4727, grad_fn=<AddBackward0>)"
"tensor(2.8615, grad_fn=<AddBackward0>)"
"tensor(2.8268, grad_fn=<AddBackward0>)"
"tensor(2.9819, grad_fn=<AddBackward0>)"
"tensor(2.9813, grad_fn=<AddBackward0>)"
"tensor(3.0573, grad_fn=<AddBackward0>)"
"tensor(3.2977, grad_fn=<AddBackward0>)"
"tensor(3.3375, grad_fn=<AddBackward0>)"
"tensor(3.0869, grad_fn=<AddBackward0>)"
"tensor(2.6673, grad_fn=<AddBackward0>)"
"tensor(3.2006, grad_fn=<AddBackward0>)"
"tensor(2.6483, grad_fn=<AddBackward0>)"
"tensor(3.1100, grad_fn=<AddBackward0>)"
"tensor(3.7470, grad_fn=<AddBackward0>)"
"tensor(3.4080, grad_fn=<AddBackward0>)"
"tensor(3.0331, grad_fn=<AddBackward0>)"
"tensor(3.1358, grad_fn=<AddBackward0>)"
"tensor(3.2070, grad_fn=<AddBackward0>)"
"tensor(3.1713, grad_fn=<AddBackward0>)"
"tensor(3.3729, grad_fn=<AddBackward0>)"
"tensor(3.3138, grad_fn=<AddBackward0>)"
"tensor(3.0830, grad_fn=<AddBackward0>)"
"tensor(2.6479, grad_fn=<AddBackward0>)"
"tensor(2.8435, grad_fn=<AddBackward0>)"
"tensor(2.8156, grad_fn=<AddBackward0>)"
"tensor(3.8023, grad_fn=<AddBackward0>)"
"tensor(2.7801, grad_fn=<AddBackward0>)"
"tensor(3.6541, grad_fn=<AddBackward0>)"
"tensor(3.6494, grad_fn=<AddBackward0>)"
"tensor(3.2780, grad_fn=<AddBackward0>)"
"tensor(2.9691, grad_fn=<AddBackward0>)"
"tensor(3.0340, grad_fn=<AddBackward0>)"
"tensor(2.9810, grad_fn=<AddBackward0>)"
"tensor(2.6458, grad_fn=<AddBackward0>)"
"tensor(3.7042, grad_fn=<AddBackward0>)"
"tensor(3.1269, grad_fn=<AddBackward0>)"
"tensor(3.3436, grad_fn=<AddBackward0>)"
"tensor(3.3496, grad_fn=<AddBackward0>)"
"tensor(2.8533, grad_fn=<AddBackward0>)"
"tensor(3.3716, grad_fn=<AddBackward0>)"
"tensor(2.8659, grad_fn=<AddBackward0>)"
"tensor(3.3140, grad_fn=<AddBackward0>)"
"tensor(2.9460, grad_fn=<AddBackward0>)"
"tensor(2.9755, grad_fn=<AddBackward0>)"
"tensor(2.8732, grad_fn=<AddBackward0>)"
"tensor(2.8594, grad_fn=<AddBackward0>)"
"tensor(3.5084, grad_fn=<AddBackward0>)"
"tensor(2.5260, grad_fn=<AddBackward0>)"
"tensor(2.8172, grad_fn=<AddBackward0>)"
"tensor(3.3321, grad_fn=<AddBackward0>)"
"tensor(3.5450, grad_fn=<AddBackward0>)"
"tensor(3.4562, grad_fn=<AddBackward0>)"
"tensor(3.2017, grad_fn=<AddBackward0>)"
"tensor(2.5373, grad_fn=<AddBackward0>)"
"tensor(2.9743, grad_fn=<AddBackward0>)"
"tensor(2.8839, grad_fn=<AddBackward0>)"
"tensor(2.7590, grad_fn=<AddBackward0>)"
"tensor(3.3212, grad_fn=<AddBackward0>)"
"tensor(2.6264, grad_fn=<AddBackward0>)"
"tensor(3.1981, grad_fn=<AddBackward0>)"
"tensor(3.4839, grad_fn=<AddBackward0>)"
"tensor(2.6939, grad_fn=<AddBackward0>)"
"tensor(3.1571, grad_fn=<AddBackward0>)"
"tensor(2.9861, grad_fn=<AddBackward0>)"
"tensor(3.2281, grad_fn=<AddBackward0>)"
"tensor(3.4397, grad_fn=<AddBackward0>)"
"tensor(3.3989, grad_fn=<AddBackward0>)"
"tensor(2.8877, grad_fn=<AddBackward0>)"
"tensor(2.7017, grad_fn=<AddBackward0>)"
"tensor(3.1135, grad_fn=<AddBackward0>)"
"tensor(2.8656, grad_fn=<AddBackward0>)"
"tensor(2.9074, grad_fn=<AddBackward0>)"
"tensor(3.4292, grad_fn=<AddBackward0>)"
"tensor(3.1632, grad_fn=<AddBackward0>)"
"tensor(3.2615, grad_fn=<AddBackward0>)"
"tensor(3.0408, grad_fn=<AddBackward0>)"
"tensor(2.7220, grad_fn=<AddBackward0>)"
"tensor(3.1972, grad_fn=<AddBackward0>)"
"tensor(3.3427, grad_fn=<AddBackward0>)"
"tensor(3.1628, grad_fn=<AddBackward0>)"
"tensor(2.8031, grad_fn=<AddBackward0>)"
"tensor(2.7303, grad_fn=<AddBackward0>)"
"tensor(2.8945, grad_fn=<AddBackward0>)"
"tensor(2.8762, grad_fn=<AddBackward0>)"
"tensor(3.3107, grad_fn=<AddBackward0>)"
"tensor(2.5803, grad_fn=<AddBackward0>)"
"tensor(3.0532, grad_fn=<AddBackward0>)"
"tensor(2.7957, grad_fn=<AddBackward0>)"
"tensor(3.6040, grad_fn=<AddBackward0>)"
"tensor(2.8611, grad_fn=<AddBackward0>)"
"tensor(2.7346, grad_fn=<AddBackward0>)"
"tensor(3.0229, grad_fn=<AddBackward0>)"
"tensor(2.6589, grad_fn=<AddBackward0>)"
"tensor(2.7328, grad_fn=<AddBackward0>)"
"tensor(2.9289, grad_fn=<AddBackward0>)"
"tensor(2.6880, grad_fn=<AddBackward0>)"
"tensor(2.9662, grad_fn=<AddBackward0>)"
"tensor(3.8494, grad_fn=<AddBackward0>)"
"tensor(3.4567, grad_fn=<AddBackward0>)"
"tensor(3.0421, grad_fn=<AddBackward0>)"
"tensor(3.2766, grad_fn=<AddBackward0>)"
"tensor(3.1415, grad_fn=<AddBackward0>)"
"tensor(3.4755, grad_fn=<AddBackward0>)"
"tensor(3.5853, grad_fn=<AddBackward0>)"
"tensor(3.0670, grad_fn=<AddBackward0>)"
"tensor(3.2182, grad_fn=<AddBackward0>)"
"tensor(2.6072, grad_fn=<AddBackward0>)"
"tensor(3.7743, grad_fn=<AddBackward0>)"
"tensor(2.8813, grad_fn=<AddBackward0>)"
"tensor(2.9223, grad_fn=<AddBackward0>)"
"tensor(2.6698, grad_fn=<AddBackward0>)"
"tensor(3.2548, grad_fn=<AddBackward0>)"
"tensor(2.9395, grad_fn=<AddBackward0>)"
"tensor(2.8366, grad_fn=<AddBackward0>)"
"tensor(3.0860, grad_fn=<AddBackward0>)"
"tensor(2.9543, grad_fn=<AddBackward0>)"
"tensor(2.4992, grad_fn=<AddBackward0>)"
"tensor(2.5923, grad_fn=<AddBackward0>)"
"tensor(2.6912, grad_fn=<AddBackward0>)"
"tensor(3.2821, grad_fn=<AddBackward0>)"
"tensor(3.7124, grad_fn=<AddBackward0>)"
"tensor(2.7760, grad_fn=<AddBackward0>)"
"tensor(3.3043, grad_fn=<AddBackward0>)"
"tensor(3.1542, grad_fn=<AddBackward0>)"
"tensor(2.9641, grad_fn=<AddBackward0>)"
"tensor(2.7582, grad_fn=<AddBackward0>)"
"tensor(2.9142, grad_fn=<AddBackward0>)"
"tensor(2.5705, grad_fn=<AddBackward0>)"
"tensor(2.9065, grad_fn=<AddBackward0>)"
"tensor(3.6799, grad_fn=<AddBackward0>)"
"tensor(3.3511, grad_fn=<AddBackward0>)"
"tensor(3.1383, grad_fn=<AddBackward0>)"
"tensor(3.2137, grad_fn=<AddBackward0>)"
"tensor(3.4741, grad_fn=<AddBackward0>)"
"tensor(2.9234, grad_fn=<AddBackward0>)"
"tensor(3.2044, grad_fn=<AddBackward0>)"
"tensor(3.2788, grad_fn=<AddBackward0>)"
"tensor(2.7970, grad_fn=<AddBackward0>)"
"tensor(3.2934, grad_fn=<AddBackward0>)"
"tensor(2.7871, grad_fn=<AddBackward0>)"
"tensor(3.0672, grad_fn=<AddBackward0>)"
"tensor(3.0361, grad_fn=<AddBackward0>)"
"tensor(2.9004, grad_fn=<AddBackward0>)"
"tensor(3.3226, grad_fn=<AddBackward0>)"
"tensor(3.0867, grad_fn=<AddBackward0>)"
"tensor(2.7570, grad_fn=<AddBackward0>)"
"tensor(3.1616, grad_fn=<AddBackward0>)"
"tensor(3.1166, grad_fn=<AddBackward0>)"
"tensor(2.6025, grad_fn=<AddBackward0>)"
"tensor(3.1180, grad_fn=<AddBackward0>)"
"tensor(3.1653, grad_fn=<AddBackward0>)"
"tensor(2.6577, grad_fn=<AddBackward0>)"
"tensor(2.6609, grad_fn=<AddBackward0>)"
"tensor(3.0431, grad_fn=<AddBackward0>)"
"tensor(3.1994, grad_fn=<AddBackward0>)"
"tensor(2.4530, grad_fn=<AddBackward0>)"
"tensor(2.7815, grad_fn=<AddBackward0>)"
"tensor(2.7371, grad_fn=<AddBackward0>)"
"tensor(3.0236, grad_fn=<AddBackward0>)"
"tensor(3.1123, grad_fn=<AddBackward0>)"
"tensor(2.6399, grad_fn=<AddBackward0>)"
"tensor(2.9539, grad_fn=<AddBackward0>)"
"tensor(3.2366, grad_fn=<AddBackward0>)"
"tensor(2.7464, grad_fn=<AddBackward0>)"
"tensor(2.5882, grad_fn=<AddBackward0>)"
"tensor(3.6916, grad_fn=<AddBackward0>)"
"tensor(3.4382, grad_fn=<AddBackward0>)"
"tensor(2.7602, grad_fn=<AddBackward0>)"
"tensor(2.5496, grad_fn=<AddBackward0>)"
"tensor(3.3845, grad_fn=<AddBackward0>)"
"tensor(3.0113, grad_fn=<AddBackward0>)"
"tensor(3.4704, grad_fn=<AddBackward0>)"
"tensor(2.4515, grad_fn=<AddBackward0>)"
"tensor(2.9577, grad_fn=<AddBackward0>)"
"tensor(3.0131, grad_fn=<AddBackward0>)"
"tensor(2.6812, grad_fn=<AddBackward0>)"
"tensor(3.4146, grad_fn=<AddBackward0>)"
"tensor(3.1183, grad_fn=<AddBackward0>)"
"tensor(3.4168, grad_fn=<AddBackward0>)"
"tensor(3.3363, grad_fn=<AddBackward0>)"
"tensor(2.8150, grad_fn=<AddBackward0>)"
"tensor(2.6369, grad_fn=<AddBackward0>)"
"tensor(2.8482, grad_fn=<AddBackward0>)"
"tensor(2.7683, grad_fn=<AddBackward0>)"
"tensor(2.9681, grad_fn=<AddBackward0>)"
"tensor(3.1653, grad_fn=<AddBackward0>)"
"tensor(2.3903, grad_fn=<AddBackward0>)"
"tensor(3.0171, grad_fn=<AddBackward0>)"
"tensor(3.0349, grad_fn=<AddBackward0>)"
"tensor(3.7276, grad_fn=<AddBackward0>)"
"tensor(2.6369, grad_fn=<AddBackward0>)"
"tensor(3.0115, grad_fn=<AddBackward0>)"
"tensor(2.7742, grad_fn=<AddBackward0>)"
"tensor(2.7388, grad_fn=<AddBackward0>)"
"tensor(3.0231, grad_fn=<AddBackward0>)"
"tensor(2.6964, grad_fn=<AddBackward0>)"
"tensor(3.2787, grad_fn=<AddBackward0>)"
"tensor(3.1321, grad_fn=<AddBackward0>)"
"tensor(3.7367, grad_fn=<AddBackward0>)"
"tensor(2.8443, grad_fn=<AddBackward0>)"
"tensor(2.4503, grad_fn=<AddBackward0>)"
"tensor(2.8658, grad_fn=<AddBackward0>)"
"tensor(3.5623, grad_fn=<AddBackward0>)"
"tensor(3.0041, grad_fn=<AddBackward0>)"
"tensor(2.6818, grad_fn=<AddBackward0>)"
"tensor(2.7369, grad_fn=<AddBackward0>)"
"tensor(2.8584, grad_fn=<AddBackward0>)"
"tensor(3.3619, grad_fn=<AddBackward0>)"
"tensor(2.5149, grad_fn=<AddBackward0>)"
"tensor(2.7775, grad_fn=<AddBackward0>)"
"tensor(2.6907, grad_fn=<AddBackward0>)"
"tensor(3.0353, grad_fn=<AddBackward0>)"
"tensor(2.5155, grad_fn=<AddBackward0>)"
"tensor(3.0504, grad_fn=<AddBackward0>)"
"tensor(2.9611, grad_fn=<AddBackward0>)"
"tensor(2.9528, grad_fn=<AddBackward0>)"
"tensor(3.2465, grad_fn=<AddBackward0>)"
"tensor(3.0459, grad_fn=<AddBackward0>)"
"tensor(3.1002, grad_fn=<AddBackward0>)"
"tensor(2.7320, grad_fn=<AddBackward0>)"
"tensor(3.0016, grad_fn=<AddBackward0>)"
"tensor(2.8815, grad_fn=<AddBackward0>)"
"tensor(3.2349, grad_fn=<AddBackward0>)"
"tensor(3.0370, grad_fn=<AddBackward0>)"
"tensor(2.9637, grad_fn=<AddBackward0>)"
"tensor(3.0790, grad_fn=<AddBackward0>)"
"tensor(2.4730, grad_fn=<AddBackward0>)"
"tensor(2.5266, grad_fn=<AddBackward0>)"
"tensor(3.0993, grad_fn=<AddBackward0>)"
"tensor(2.9368, grad_fn=<AddBackward0>)"
"tensor(2.8023, grad_fn=<AddBackward0>)"
"tensor(2.7350, grad_fn=<AddBackward0>)"
"tensor(2.4076, grad_fn=<AddBackward0>)"
"tensor(2.7713, grad_fn=<AddBackward0>)"
"tensor(2.9098, grad_fn=<AddBackward0>)"
"tensor(2.7903, grad_fn=<AddBackward0>)"
"tensor(2.8469, grad_fn=<AddBackward0>)"
"tensor(3.5652, grad_fn=<AddBackward0>)"
"tensor(3.3533, grad_fn=<AddBackward0>)"
"tensor(3.1637, grad_fn=<AddBackward0>)"
"tensor(3.2378, grad_fn=<AddBackward0>)"
"tensor(3.1824, grad_fn=<AddBackward0>)"
"tensor(2.8774, grad_fn=<AddBackward0>)"
"tensor(3.5118, grad_fn=<AddBackward0>)"
"tensor(3.1702, grad_fn=<AddBackward0>)"
"tensor(3.4655, grad_fn=<AddBackward0>)"
"tensor(3.1688, grad_fn=<AddBackward0>)"
"tensor(3.0560, grad_fn=<AddBackward0>)"
"tensor(3.4620, grad_fn=<AddBackward0>)"
"tensor(3.1470, grad_fn=<AddBackward0>)"
"tensor(2.7109, grad_fn=<AddBackward0>)"
"tensor(2.9269, grad_fn=<AddBackward0>)"
"tensor(3.2725, grad_fn=<AddBackward0>)"
"tensor(3.0418, grad_fn=<AddBackward0>)"
"tensor(2.7810, grad_fn=<AddBackward0>)"
"tensor(2.6927, grad_fn=<AddBackward0>)"
"tensor(3.2942, grad_fn=<AddBackward0>)"
"tensor(2.7996, grad_fn=<AddBackward0>)"
"tensor(3.1243, grad_fn=<AddBackward0>)"
"tensor(3.2857, grad_fn=<AddBackward0>)"
"tensor(2.8381, grad_fn=<AddBackward0>)"
"tensor(2.6875, grad_fn=<AddBackward0>)"
"tensor(3.1750, grad_fn=<AddBackward0>)"
"tensor(3.3745, grad_fn=<AddBackward0>)"
"tensor(2.7087, grad_fn=<AddBackward0>)"
"tensor(2.9394, grad_fn=<AddBackward0>)"
"tensor(2.6858, grad_fn=<AddBackward0>)"
"tensor(3.0864, grad_fn=<AddBackward0>)"
"tensor(3.2996, grad_fn=<AddBackward0>)"
"tensor(2.8683, grad_fn=<AddBackward0>)"
"tensor(2.6029, grad_fn=<AddBackward0>)"
"tensor(2.9311, grad_fn=<AddBackward0>)"
"tensor(3.0868, grad_fn=<AddBackward0>)"
"tensor(3.0519, grad_fn=<AddBackward0>)"
"tensor(2.8161, grad_fn=<AddBackward0>)"
"tensor(2.6545, grad_fn=<AddBackward0>)"
"tensor(2.9029, grad_fn=<AddBackward0>)"
"tensor(2.8355, grad_fn=<AddBackward0>)"
"tensor(2.7097, grad_fn=<AddBackward0>)"
"tensor(3.1271, grad_fn=<AddBackward0>)"
"tensor(3.0002, grad_fn=<AddBackward0>)"
"tensor(3.1087, grad_fn=<AddBackward0>)"
"tensor(2.5658, grad_fn=<AddBackward0>)"
"tensor(2.5862, grad_fn=<AddBackward0>)"
"tensor(2.7640, grad_fn=<AddBackward0>)"
"tensor(2.8916, grad_fn=<AddBackward0>)"
"tensor(2.7308, grad_fn=<AddBackward0>)"
"tensor(2.9358, grad_fn=<AddBackward0>)"
"tensor(3.1909, grad_fn=<AddBackward0>)"
"tensor(2.9069, grad_fn=<AddBackward0>)"
"tensor(3.2642, grad_fn=<AddBackward0>)"
"tensor(3.2202, grad_fn=<AddBackward0>)"
"tensor(3.0677, grad_fn=<AddBackward0>)"
"tensor(3.2486, grad_fn=<AddBackward0>)"
"tensor(3.6116, grad_fn=<AddBackward0>)"
"tensor(2.8541, grad_fn=<AddBackward0>)"
"tensor(2.8110, grad_fn=<AddBackward0>)"
"tensor(2.8981, grad_fn=<AddBackward0>)"
"tensor(2.8492, grad_fn=<AddBackward0>)"
"tensor(2.5821, grad_fn=<AddBackward0>)"
"tensor(2.4958, grad_fn=<AddBackward0>)"
"tensor(2.8460, grad_fn=<AddBackward0>)"
"tensor(2.5490, grad_fn=<AddBackward0>)"
"tensor(2.9814, grad_fn=<AddBackward0>)"
"tensor(2.6829, grad_fn=<AddBackward0>)"
"tensor(3.4212, grad_fn=<AddBackward0>)"
"tensor(2.7600, grad_fn=<AddBackward0>)"
"tensor(3.6271, grad_fn=<AddBackward0>)"
"tensor(2.9526, grad_fn=<AddBackward0>)"
"tensor(3.2470, grad_fn=<AddBackward0>)"
"tensor(2.6428, grad_fn=<AddBackward0>)"
"tensor(2.4408, grad_fn=<AddBackward0>)"
"tensor(2.8466, grad_fn=<AddBackward0>)"
"tensor(3.2920, grad_fn=<AddBackward0>)"
"tensor(2.9656, grad_fn=<AddBackward0>)"
"tensor(2.9670, grad_fn=<AddBackward0>)"
"tensor(2.7940, grad_fn=<AddBackward0>)"
"tensor(2.6129, grad_fn=<AddBackward0>)"
"tensor(2.5753, grad_fn=<AddBackward0>)"
"tensor(2.8855, grad_fn=<AddBackward0>)"
"tensor(2.6919, grad_fn=<AddBackward0>)"
"tensor(3.3400, grad_fn=<AddBackward0>)"
"tensor(3.3321, grad_fn=<AddBackward0>)"
"tensor(2.6415, grad_fn=<AddBackward0>)"
"tensor(3.0895, grad_fn=<AddBackward0>)"
"tensor(3.2430, grad_fn=<AddBackward0>)"
"tensor(2.8460, grad_fn=<AddBackward0>)"
"tensor(3.3111, grad_fn=<AddBackward0>)"
"tensor(2.8911, grad_fn=<AddBackward0>)"
"tensor(2.9651, grad_fn=<AddBackward0>)"
"tensor(2.7285, grad_fn=<AddBackward0>)"
"tensor(2.7080, grad_fn=<AddBackward0>)"
"tensor(2.5890, grad_fn=<AddBackward0>)"
"tensor(3.2805, grad_fn=<AddBackward0>)"
"tensor(3.0835, grad_fn=<AddBackward0>)"
"tensor(2.4849, grad_fn=<AddBackward0>)"
"tensor(2.9272, grad_fn=<AddBackward0>)"
"tensor(2.9323, grad_fn=<AddBackward0>)"
"tensor(2.5428, grad_fn=<AddBackward0>)"
"tensor(3.2938, grad_fn=<AddBackward0>)"
"tensor(3.1782, grad_fn=<AddBackward0>)"
"tensor(2.7462, grad_fn=<AddBackward0>)"
"tensor(2.9705, grad_fn=<AddBackward0>)"
"tensor(4.0043, grad_fn=<AddBackward0>)"
"tensor(3.1567, grad_fn=<AddBackward0>)"
"tensor(2.8649, grad_fn=<AddBackward0>)"
"tensor(3.2745, grad_fn=<AddBackward0>)"
"tensor(3.1560, grad_fn=<AddBackward0>)"
"tensor(3.3197, grad_fn=<AddBackward0>)"
"tensor(2.5915, grad_fn=<AddBackward0>)"
"tensor(2.8182, grad_fn=<AddBackward0>)"
"tensor(3.4319, grad_fn=<AddBackward0>)"
"tensor(2.8060, grad_fn=<AddBackward0>)"
"tensor(3.3504, grad_fn=<AddBackward0>)"
"tensor(2.5636, grad_fn=<AddBackward0>)"
"tensor(2.9960, grad_fn=<AddBackward0>)"
"tensor(2.7775, grad_fn=<AddBackward0>)"
"tensor(3.4568, grad_fn=<AddBackward0>)"
"tensor(2.4793, grad_fn=<AddBackward0>)"
"tensor(2.5827, grad_fn=<AddBackward0>)"
"tensor(3.2049, grad_fn=<AddBackward0>)"
"tensor(2.7430, grad_fn=<AddBackward0>)"
"tensor(3.0768, grad_fn=<AddBackward0>)"
"tensor(2.9318, grad_fn=<AddBackward0>)"
"tensor(3.0954, grad_fn=<AddBackward0>)"
"tensor(2.7070, grad_fn=<AddBackward0>)"
"tensor(2.9368, grad_fn=<AddBackward0>)"
"tensor(3.7664, grad_fn=<AddBackward0>)"
"tensor(3.0614, grad_fn=<AddBackward0>)"
"tensor(2.5983, grad_fn=<AddBackward0>)"
"tensor(3.0163, grad_fn=<AddBackward0>)"
"tensor(3.4125, grad_fn=<AddBackward0>)"
"tensor(2.9192, grad_fn=<AddBackward0>)"
"tensor(2.4683, grad_fn=<AddBackward0>)"
"tensor(3.3360, grad_fn=<AddBackward0>)"
"tensor(2.4625, grad_fn=<AddBackward0>)"
"tensor(3.1535, grad_fn=<AddBackward0>)"
"tensor(2.9487, grad_fn=<AddBackward0>)"
"tensor(2.4950, grad_fn=<AddBackward0>)"
"tensor(3.0690, grad_fn=<AddBackward0>)"
"tensor(3.2133, grad_fn=<AddBackward0>)"
"tensor(3.2079, grad_fn=<AddBackward0>)"
"tensor(2.7325, grad_fn=<AddBackward0>)"
"tensor(3.3975, grad_fn=<AddBackward0>)"
"tensor(2.5116, grad_fn=<AddBackward0>)"
"tensor(3.3055, grad_fn=<AddBackward0>)"
"tensor(2.9049, grad_fn=<AddBackward0>)"
"tensor(3.0926, grad_fn=<AddBackward0>)"
"tensor(3.3808, grad_fn=<AddBackward0>)"
"tensor(3.1425, grad_fn=<AddBackward0>)"
"tensor(3.1262, grad_fn=<AddBackward0>)"
"tensor(3.2721, grad_fn=<AddBackward0>)"
"tensor(2.8766, grad_fn=<AddBackward0>)"
"tensor(2.8984, grad_fn=<AddBackward0>)"
"tensor(2.8727, grad_fn=<AddBackward0>)"
"tensor(3.1789, grad_fn=<AddBackward0>)"
"tensor(2.9876, grad_fn=<AddBackward0>)"
"tensor(2.7578, grad_fn=<AddBackward0>)"
"tensor(3.4382, grad_fn=<AddBackward0>)"
"tensor(2.7663, grad_fn=<AddBackward0>)"
"tensor(2.8403, grad_fn=<AddBackward0>)"
"tensor(3.5426, grad_fn=<AddBackward0>)"
"tensor(2.5978, grad_fn=<AddBackward0>)"
"tensor(2.5735, grad_fn=<AddBackward0>)"
"tensor(3.3606, grad_fn=<AddBackward0>)"
"tensor(2.6761, grad_fn=<AddBackward0>)"
"tensor(3.1652, grad_fn=<AddBackward0>)"
"tensor(2.9435, grad_fn=<AddBackward0>)"
"tensor(2.8757, grad_fn=<AddBackward0>)"
"tensor(2.4743, grad_fn=<AddBackward0>)"
"tensor(3.6386, grad_fn=<AddBackward0>)"
"tensor(2.9768, grad_fn=<AddBackward0>)"
"tensor(2.8549, grad_fn=<AddBackward0>)"
"tensor(2.5320, grad_fn=<AddBackward0>)"
"tensor(2.6872, grad_fn=<AddBackward0>)"
"tensor(3.1155, grad_fn=<AddBackward0>)"
"tensor(3.2502, grad_fn=<AddBackward0>)"
"tensor(2.6486, grad_fn=<AddBackward0>)"
"tensor(2.5659, grad_fn=<AddBackward0>)"
"tensor(2.6718, grad_fn=<AddBackward0>)"
"tensor(2.9057, grad_fn=<AddBackward0>)"
"tensor(3.0110, grad_fn=<AddBackward0>)"
"tensor(2.7699, grad_fn=<AddBackward0>)"
"tensor(3.0531, grad_fn=<AddBackward0>)"
"tensor(3.4266, grad_fn=<AddBackward0>)"
"tensor(2.8606, grad_fn=<AddBackward0>)"
"tensor(3.2596, grad_fn=<AddBackward0>)"
"tensor(3.1276, grad_fn=<AddBackward0>)"
"tensor(2.8272, grad_fn=<AddBackward0>)"
"tensor(2.5938, grad_fn=<AddBackward0>)"
"tensor(3.0348, grad_fn=<AddBackward0>)"
"tensor(3.0210, grad_fn=<AddBackward0>)"
"tensor(3.0664, grad_fn=<AddBackward0>)"
"tensor(2.5648, grad_fn=<AddBackward0>)"
"tensor(2.9078, grad_fn=<AddBackward0>)"
"tensor(2.7036, grad_fn=<AddBackward0>)"
"tensor(3.5667, grad_fn=<AddBackward0>)"
"tensor(2.6134, grad_fn=<AddBackward0>)"
"tensor(2.7564, grad_fn=<AddBackward0>)"
"tensor(3.3296, grad_fn=<AddBackward0>)"
"tensor(2.9235, grad_fn=<AddBackward0>)"
"tensor(2.8108, grad_fn=<AddBackward0>)"
"tensor(2.9461, grad_fn=<AddBackward0>)"
"tensor(3.0608, grad_fn=<AddBackward0>)"
"tensor(2.6944, grad_fn=<AddBackward0>)"
"tensor(2.9945, grad_fn=<AddBackward0>)"
"tensor(2.8808, grad_fn=<AddBackward0>)"
"tensor(3.2066, grad_fn=<AddBackward0>)"
"tensor(3.2334, grad_fn=<AddBackward0>)"
"tensor(3.2276, grad_fn=<AddBackward0>)"
"tensor(2.8155, grad_fn=<AddBackward0>)"
"tensor(3.7909, grad_fn=<AddBackward0>)"
"tensor(3.1086, grad_fn=<AddBackward0>)"
"tensor(3.2244, grad_fn=<AddBackward0>)"
"tensor(3.1341, grad_fn=<AddBackward0>)"
"tensor(2.5098, grad_fn=<AddBackward0>)"
"tensor(2.9898, grad_fn=<AddBackward0>)"
"tensor(2.9827, grad_fn=<AddBackward0>)"
"tensor(3.2449, grad_fn=<AddBackward0>)"
"tensor(3.2294, grad_fn=<AddBackward0>)"
"tensor(3.1925, grad_fn=<AddBackward0>)"
"tensor(2.7803, grad_fn=<AddBackward0>)"
"tensor(3.4643, grad_fn=<AddBackward0>)"
"tensor(3.2570, grad_fn=<AddBackward0>)"
"tensor(2.8707, grad_fn=<AddBackward0>)"
"tensor(2.9421, grad_fn=<AddBackward0>)"
"tensor(2.6117, grad_fn=<AddBackward0>)"
"tensor(2.8723, grad_fn=<AddBackward0>)"
"tensor(3.2708, grad_fn=<AddBackward0>)"
"tensor(3.4044, grad_fn=<AddBackward0>)"
"tensor(2.8229, grad_fn=<AddBackward0>)"
"tensor(3.0555, grad_fn=<AddBackward0>)"
"tensor(2.7893, grad_fn=<AddBackward0>)"
"tensor(3.0305, grad_fn=<AddBackward0>)"
"tensor(3.4069, grad_fn=<AddBackward0>)"
"tensor(3.0954, grad_fn=<AddBackward0>)"
"tensor(2.7964, grad_fn=<AddBackward0>)"
"tensor(2.7520, grad_fn=<AddBackward0>)"
"tensor(2.8498, grad_fn=<AddBackward0>)"
"tensor(3.1513, grad_fn=<AddBackward0>)"
"tensor(2.6226, grad_fn=<AddBackward0>)"
"tensor(3.0301, grad_fn=<AddBackward0>)"
"tensor(3.3239, grad_fn=<AddBackward0>)"
"tensor(2.5608, grad_fn=<AddBackward0>)"
"tensor(3.0954, grad_fn=<AddBackward0>)"
"tensor(3.4214, grad_fn=<AddBackward0>)"
"tensor(2.7475, grad_fn=<AddBackward0>)"
"tensor(3.1512, grad_fn=<AddBackward0>)"
"tensor(2.8185, grad_fn=<AddBackward0>)"
"tensor(2.7553, grad_fn=<AddBackward0>)"
"tensor(3.4211, grad_fn=<AddBackward0>)"
"tensor(3.1173, grad_fn=<AddBackward0>)"
"tensor(3.3277, grad_fn=<AddBackward0>)"
"tensor(3.0328, grad_fn=<AddBackward0>)"
"tensor(3.1443, grad_fn=<AddBackward0>)"
"tensor(3.3405, grad_fn=<AddBackward0>)"
"tensor(2.7036, grad_fn=<AddBackward0>)"
"tensor(3.0799, grad_fn=<AddBackward0>)"
"tensor(2.9563, grad_fn=<AddBackward0>)"
"tensor(3.2396, grad_fn=<AddBackward0>)"
"tensor(2.4891, grad_fn=<AddBackward0>)"
"tensor(2.6291, grad_fn=<AddBackward0>)"
"tensor(2.8096, grad_fn=<AddBackward0>)"
"tensor(3.2952, grad_fn=<AddBackward0>)"
"tensor(3.2199, grad_fn=<AddBackward0>)"
"tensor(3.2452, grad_fn=<AddBackward0>)"
"tensor(2.9423, grad_fn=<AddBackward0>)"
"tensor(3.1497, grad_fn=<AddBackward0>)"
"tensor(2.8137, grad_fn=<AddBackward0>)"
"tensor(3.0335, grad_fn=<AddBackward0>)"
"tensor(2.8057, grad_fn=<AddBackward0>)"
"tensor(3.0817, grad_fn=<AddBackward0>)"
"tensor(2.8982, grad_fn=<AddBackward0>)"
"tensor(2.8139, grad_fn=<AddBackward0>)"
"tensor(3.1896, grad_fn=<AddBackward0>)"
"tensor(2.9408, grad_fn=<AddBackward0>)"
"tensor(3.5486, grad_fn=<AddBackward0>)"
"tensor(3.2071, grad_fn=<AddBackward0>)"
"tensor(2.7943, grad_fn=<AddBackward0>)"
"tensor(2.9645, grad_fn=<AddBackward0>)"
"tensor(2.6000, grad_fn=<AddBackward0>)"
"tensor(3.1359, grad_fn=<AddBackward0>)"
"tensor(2.4808, grad_fn=<AddBackward0>)"
"tensor(2.9686, grad_fn=<AddBackward0>)"
"tensor(2.9170, grad_fn=<AddBackward0>)"
"tensor(3.2611, grad_fn=<AddBackward0>)"
"tensor(3.2615, grad_fn=<AddBackward0>)"
"tensor(3.3012, grad_fn=<AddBackward0>)"
"tensor(3.0016, grad_fn=<AddBackward0>)"
"tensor(2.7889, grad_fn=<AddBackward0>)"
"tensor(2.6283, grad_fn=<AddBackward0>)"
"tensor(2.8157, grad_fn=<AddBackward0>)"
"tensor(2.9797, grad_fn=<AddBackward0>)"
"tensor(3.0310, grad_fn=<AddBackward0>)"
"tensor(2.7001, grad_fn=<AddBackward0>)"
"tensor(2.7770, grad_fn=<AddBackward0>)"
"tensor(3.0039, grad_fn=<AddBackward0>)"
"tensor(2.9298, grad_fn=<AddBackward0>)"
"tensor(3.1807, grad_fn=<AddBackward0>)"
"tensor(2.7506, grad_fn=<AddBackward0>)"
"tensor(3.7020, grad_fn=<AddBackward0>)"
"tensor(2.5606, grad_fn=<AddBackward0>)"
"tensor(4.3072, grad_fn=<AddBackward0>)"
"tensor(2.9270, grad_fn=<AddBackward0>)"
"tensor(3.0551, grad_fn=<AddBackward0>)"
"tensor(3.2148, grad_fn=<AddBackward0>)"
"tensor(3.0613, grad_fn=<AddBackward0>)"
"tensor(2.9268, grad_fn=<AddBackward0>)"
"tensor(2.3291, grad_fn=<AddBackward0>)"
"tensor(2.9020, grad_fn=<AddBackward0>)"
"tensor(2.6907, grad_fn=<AddBackward0>)"
"tensor(3.1455, grad_fn=<AddBackward0>)"
"tensor(2.8005, grad_fn=<AddBackward0>)"
"tensor(2.7623, grad_fn=<AddBackward0>)"
"tensor(3.0963, grad_fn=<AddBackward0>)"
"tensor(2.8377, grad_fn=<AddBackward0>)"
"tensor(2.6000, grad_fn=<AddBackward0>)"
"tensor(3.1479, grad_fn=<AddBackward0>)"
"tensor(3.0630, grad_fn=<AddBackward0>)"
"tensor(2.7458, grad_fn=<AddBackward0>)"
"tensor(3.0744, grad_fn=<AddBackward0>)"
"tensor(2.5687, grad_fn=<AddBackward0>)"
"tensor(2.9640, grad_fn=<AddBackward0>)"
"tensor(2.9566, grad_fn=<AddBackward0>)"
"tensor(3.2075, grad_fn=<AddBackward0>)"
"tensor(3.0662, grad_fn=<AddBackward0>)"
"tensor(3.1843, grad_fn=<AddBackward0>)"
"tensor(3.8195, grad_fn=<AddBackward0>)"
"tensor(2.6908, grad_fn=<AddBackward0>)"
"tensor(3.4258, grad_fn=<AddBackward0>)"
"tensor(2.2923, grad_fn=<AddBackward0>)"
"tensor(3.0001, grad_fn=<AddBackward0>)"
"tensor(3.9918, grad_fn=<AddBackward0>)"
"tensor(3.0842, grad_fn=<AddBackward0>)"
"tensor(2.8181, grad_fn=<AddBackward0>)"
"tensor(2.7475, grad_fn=<AddBackward0>)"
"tensor(3.2176, grad_fn=<AddBackward0>)"
"tensor(2.6717, grad_fn=<AddBackward0>)"
"tensor(3.2195, grad_fn=<AddBackward0>)"
"tensor(2.7406, grad_fn=<AddBackward0>)"
"tensor(2.6563, grad_fn=<AddBackward0>)"
"tensor(3.4486, grad_fn=<AddBackward0>)"
"tensor(3.0789, grad_fn=<AddBackward0>)"
"tensor(2.9582, grad_fn=<AddBackward0>)"
"tensor(3.0195, grad_fn=<AddBackward0>)"
"tensor(2.9106, grad_fn=<AddBackward0>)"
"tensor(2.6980, grad_fn=<AddBackward0>)"
"tensor(3.1423, grad_fn=<AddBackward0>)"
"tensor(2.7992, grad_fn=<AddBackward0>)"
"tensor(2.6327, grad_fn=<AddBackward0>)"
"tensor(3.2629, grad_fn=<AddBackward0>)"
"tensor(3.0818, grad_fn=<AddBackward0>)"
"tensor(3.3398, grad_fn=<AddBackward0>)"
"tensor(3.0641, grad_fn=<AddBackward0>)"
"tensor(3.0582, grad_fn=<AddBackward0>)"
"tensor(3.6101, grad_fn=<AddBackward0>)"
"tensor(3.2801, grad_fn=<AddBackward0>)"
"tensor(3.1318, grad_fn=<AddBackward0>)"
"tensor(3.0957, grad_fn=<AddBackward0>)"
"tensor(2.7155, grad_fn=<AddBackward0>)"
"tensor(3.2678, grad_fn=<AddBackward0>)"
"tensor(2.8667, grad_fn=<AddBackward0>)"
"tensor(2.4678, grad_fn=<AddBackward0>)"
"tensor(3.0170, grad_fn=<AddBackward0>)"
"tensor(3.4839, grad_fn=<AddBackward0>)"
"tensor(2.8141, grad_fn=<AddBackward0>)"
"tensor(3.2140, grad_fn=<AddBackward0>)"
"tensor(2.4781, grad_fn=<AddBackward0>)"
"tensor(2.8901, grad_fn=<AddBackward0>)"
"tensor(2.4629, grad_fn=<AddBackward0>)"
"tensor(2.8823, grad_fn=<AddBackward0>)"
"tensor(2.9135, grad_fn=<AddBackward0>)"
"tensor(2.6883, grad_fn=<AddBackward0>)"
"tensor(2.9408, grad_fn=<AddBackward0>)"
"tensor(3.2856, grad_fn=<AddBackward0>)"
"tensor(2.6168, grad_fn=<AddBackward0>)"
"tensor(3.2053, grad_fn=<AddBackward0>)"
"tensor(3.4895, grad_fn=<AddBackward0>)"
"tensor(2.8539, grad_fn=<AddBackward0>)"
"tensor(3.0762, grad_fn=<AddBackward0>)"
"tensor(2.6962, grad_fn=<AddBackward0>)"
"tensor(2.3897, grad_fn=<AddBackward0>)"
"tensor(2.7822, grad_fn=<AddBackward0>)"
"tensor(3.3571, grad_fn=<AddBackward0>)"
"tensor(3.1965, grad_fn=<AddBackward0>)"
"tensor(3.1386, grad_fn=<AddBackward0>)"
"tensor(3.1258, grad_fn=<AddBackward0>)"
"tensor(2.6446, grad_fn=<AddBackward0>)"
"tensor(3.2344, grad_fn=<AddBackward0>)"
"tensor(3.3077, grad_fn=<AddBackward0>)"
"tensor(2.8935, grad_fn=<AddBackward0>)"
"tensor(3.7211, grad_fn=<AddBackward0>)"
"tensor(3.9965, grad_fn=<AddBackward0>)"
"tensor(2.9627, grad_fn=<AddBackward0>)"
"tensor(2.7376, grad_fn=<AddBackward0>)"
"tensor(2.6126, grad_fn=<AddBackward0>)"
"tensor(2.6342, grad_fn=<AddBackward0>)"
"tensor(3.5000, grad_fn=<AddBackward0>)"
"tensor(3.5539, grad_fn=<AddBackward0>)"
"tensor(3.1372, grad_fn=<AddBackward0>)"
"tensor(2.7258, grad_fn=<AddBackward0>)"
"tensor(3.1310, grad_fn=<AddBackward0>)"
"tensor(2.3843, grad_fn=<AddBackward0>)"
"tensor(3.3872, grad_fn=<AddBackward0>)"
"tensor(2.6947, grad_fn=<AddBackward0>)"
"tensor(3.1469, grad_fn=<AddBackward0>)"
"tensor(2.9700, grad_fn=<AddBackward0>)"
"tensor(2.9121, grad_fn=<AddBackward0>)"
"tensor(2.8959, grad_fn=<AddBackward0>)"
"tensor(2.8547, grad_fn=<AddBackward0>)"
"tensor(3.9220, grad_fn=<AddBackward0>)"
"tensor(2.6048, grad_fn=<AddBackward0>)"
"tensor(2.8911, grad_fn=<AddBackward0>)"
"tensor(3.4146, grad_fn=<AddBackward0>)"
"tensor(3.1263, grad_fn=<AddBackward0>)"
"tensor(2.7956, grad_fn=<AddBackward0>)"
"tensor(2.8033, grad_fn=<AddBackward0>)"
"tensor(2.8299, grad_fn=<AddBackward0>)"
"tensor(3.3326, grad_fn=<AddBackward0>)"
"tensor(3.4770, grad_fn=<AddBackward0>)"
"tensor(3.1213, grad_fn=<AddBackward0>)"
"tensor(3.3569, grad_fn=<AddBackward0>)"
"tensor(3.0895, grad_fn=<AddBackward0>)"
"tensor(2.6268, grad_fn=<AddBackward0>)"
"tensor(2.6989, grad_fn=<AddBackward0>)"
"tensor(2.6280, grad_fn=<AddBackward0>)"
